clean_domain,criteria
helvetia.com,full_deny
bimago.de,only_url
paradigmsample.az1.qualtrics.com,only_url
crunchbase.com,only_url
s.oneopinion.com,only_url
kvb.bund.de,full_deny
adrive.com,full_deny
bildkontakte.ch,full_deny
vbsprockhoevel.de,full_deny
ww-ag.com,full_deny
happysocks.com,only_url
janitos.de,full_deny
wissfooddelivery.ch,only_url
caffeeine.tv,only_url
vrbank-kf-oal.de,full_deny
ksk-koeln.de,full_deny
ticketmaster.ch,only_url
bvr.de,full_deny
voba-sbh.de,full_deny
survey.marketagent.com,only_url
reiseauskunft.bahn.de,only_url
spk-kg.de,full_deny
voba-aschaffenburg.de,full_deny
dervolksbanker.de,full_deny
stena.com,full_deny
unicreditgroup.eu,full_deny
netto-online.de,only_url
befragungen.keypanel.de,only_url
dating-finder.com,full_deny
vbrbinvorpommern.de,full_deny
cougarlife.com,full_deny
hertz.de,only_url
continentale-bkk.de,full_deny
schlesingergroup.com,only_url
fremdgehen69.com,full_deny
surveygizmo.eu,only_url
gls.de,full_deny
fust.ch,only_url
paid.outbrain.com,only_url
fissler.com,only_url
love2say.de,only_url
upanel.gfk.de,only_url
wvb.de,full_deny
aytm.com,only_url
swisscom.ch,only_url
kskwn.de,full_deny
fnac.ch,only_url
fmglobal.co.uk,full_deny
volksbank-hameln-stadthagen.de,full_deny
metzler.com,full_deny
paradoxes.co1.qualtrics.com,only_url
osiander.de,only_url
disqus.com,only_url
web.citizenme.com,only_url
stuttgarter.de,full_deny
chatmania.ch,full_deny
marieclaire.com,only_url
inba.appkb.ch,full_deny
zoosk.com,full_deny
rhenusana.ch,full_deny
grindinggay.de,full_deny
travelzoo.com,only_url
lienhardt.ch,full_deny
allianzdirect.de,full_deny
vrbank-feuchtwangen-dinkelsbuehl.de,full_deny
kuoni.ch,only_url
dkv.de,full_deny
wanelo.com,only_url
gateway.gapfish.com,only_url
geni.com,only_url
vpv.de,full_deny
survey-ltw2019.herokuapp.com,only_url
wuestenrot.de,full_deny
bkk-voralb.de,full_deny
eis.de,only_url
blacksocks.com,only_url
nix-wie-weg.de,only_url
uniqa.li,full_deny
vrk.de,full_deny
galeria.de,only_url
jokers.ch,only_url
fahrgemeinschaft.de,only_url
schwulissimo.de,full_deny
axa.de,full_deny
1und1.de,only_url
mail.lycos.com,only_domain
bankmed.ch,full_deny
libertymutual.com,full_deny
oerag.de,full_deny
smartmobil.de,only_url
amazon.ch,only_url
bethmannbank.de,full_deny
roadsharing.com,only_url
diasporafoundation.org,only_url
zynga.com,only_url
hamburger-feuerkasse.de,full_deny
deutschlandsim.de,only_url
atupri.ch,full_deny
www3.deutschlandcard.de,only_url
fishbrain.com,only_url
sparkasse-gunzenhausen.de,full_deny
hse24.de,only_url
gentlemint.com,only_url
gess1.q-dot.de,only_url
engage.3m.com,only_url
app.enlight.ly,only_url
bankhapoalim.com,full_deny
1000books.de,only_url
nielsen.com,only_url
letsupload.cc,full_deny
sportscheck.ch,only_url
chirp.ch,full_deny
mail.com,only_domain
eu.surveys.nielsen.com,only_url
web.magentatv.de,only_url
sanavals.ch,full_deny
vaudoise.ch,full_deny
service.phonex.de,only_url
eb.akb.ch,full_deny
patrimony1873.com,full_deny
reifen.de,only_url
klarmobil.de,only_url
sparda-ostbayern.de,full_deny
tchibo.ch,only_url
expedia.com,only_url
surveys.harrisinsights.com,only_url
branchout.com,only_url
bridport.ch,full_deny
contacts.google.com,only_domain
researchgate.net,only_url
anchor.fm,only_url
ebay.co.uk,only_url
vermoegenszentrum.ch,full_deny
interviewing-l1.nfieldmr.com,only_url
quicksurveys.com,only_url
sparkasse-celle.de,full_deny
sparkasse-hochsauerland.de,full_deny
ticketemaster.de,only_url
nivea.de,only_url
ecpo-descan.gfk.com,only_url
login.blkb.ch,full_deny
vbkm.de,full_deny
filmingo.ch,only_url
vrbank-mkb.de,full_deny
bkk-firmus.de,full_deny
secure.husmail.com,only_domain
gorillasports.de,only_url
maxblue.de,full_deny
ksk-reutlingen.de,full_deny
vblh.de,full_deny
ubldirect.com,full_deny
wegwerfemailadresse.com,only_domain
store.hp.com,only_url
psd-bank.de,full_deny
huk24.de,full_deny
audibkk.de,full_deny
palladio-assurances.ch,full_deny
edelweiss.ch,only_url
dhbbank.de,full_deny
sparkasse-holstein.de,full_deny
evm.de,full_deny
thunderdrive.eu,full_deny
kuk-bf-hannover.de,full_deny
live.com,only_domain
dribbble.de,only_url
m-budget-mobile-service.ch,only_url
kkst.ch,full_deny
anibis.ch,only_url
commerzbank.ch,full_deny
lizenzexpress.de,only_url
swisscard.ch,full_deny
studivz.net,only_url
jsafrasarasin.ch,full_deny
ergo.de,full_deny
sparkasse-schwandorf.de,full_deny
creditoycaucion.es,full_deny
sumiswalder.ch,full_deny
talkeasy.ch,only_url
sparkasse-mittelfranken-sued.de,full_deny
sparkasse-freiburg.de,full_deny
lifepoints.zendesk.com,only_url
ochsnersport.ch,only_url
bessermitfahren.de,only_url
research2.ipsosinteractive.com,only_url
lebara.com,only_url
earlybird.ch,only_url
swisscaution.ch,full_deny
c-and-a.com,only_url
aig.lu,full_deny
vrbanklm.de,full_deny
mail.aol.com,only_domain
otree.wzb.eu,only_url
vr-dm.de,full_deny
survey.cmix.com,only_url
survey.ca1.qualtrics.com,only_url
hottinger-ag.ch,full_deny
survey10s2.affinnova.com,only_url
karzoo.ch,only_url
slack.com,only_url
zwink.ch,full_deny
sparkasse-olpe.de,full_deny
sparkasse-hochrhein.de,full_deny
strellson.com,only_url
bkk-deutsche-bank.de,full_deny
pixabay.com,only_url
de.mypersonalroutine.com,only_url
neotralo.ch,only_url
tsm.ch,full_deny
wingo.ch,only_url
americanexpress.com,full_deny
kskbitburg-pruem.de,full_deny
vrbank-altenburgerland.de,full_deny
s.morpace.com,only_url
umbzh.ch,full_deny
werdverlag.ch,only_url
onba.ch,full_deny
dpk-ag.de,full_deny
lieferheld.de,only_url
sskm.de,full_deny
dkb.de,full_deny
analytics.twitter.com,only_domain
pickmup.ch,only_url
schwarzkopf.de,only_url
inspigearopinions.com,only_url
autouncle.de,only_url
c-date.de,full_deny
members.ufamedienexperten.de,only_url
italki.com,only_url
emilfrey.ch,only_url
dateyork.com,full_deny
dosenbach.ch,only_url
travelhouse.ch,only_url
elini.net,full_deny
bsb.clientis.ch,full_deny
tui-bkk.de,full_deny
wwwsec.regiobank.ch,full_deny
asos.de,only_url
schwab.de,only_url
credit-now.ch,full_deny
wise.com,full_deny
survey31.irquest.com,only_url
leonardo.de,only_url
firstaffair.de,full_deny
secretescapes.de,only_url
survey.co1.qualtrics.com,only_url
alpharheintalbank.ch,full_deny
edgeapi.innovatemr.net,only_url
zu-zweit.ch,full_deny
sparkasse-leipzig.de,full_deny
hannoversche.de,full_deny
gettingles.com,only_url
opinionbar.com,only_url
cawi-survey.com,only_url
kaufland.de,only_url
ortelmobile.ch,only_url
xmail.net,only_domain
leihkasse-stammheim.ch,full_deny
chatrandom.com,full_deny
esdownload.de,only_url
bnpparibas.com,full_deny
snapsurveys.com,only_url
presse-versorgung.de,full_deny
kreissparkasse-augsburg.de,full_deny
freenet.de,only_domain
manor.ch,only_url
haupt.ch,only_url
validusholdings.com,full_deny
helme-maedl.de,only_url
orellfuessli.ch,only_url
migros.ch,only_url
buecher.de,only_url
peek-cloppenburg.de,only_url
d288.keyingress.de,only_url
idassure.eu,full_deny
alditalk.de,only_url
vbkraichgau.de,full_deny
tchibo.de,only_url
nettoshop.ch,only_url
peanutlabs.com,only_url
sparkasse-gelsenkirchen.de,full_deny
ifolor.ch,only_url
ca.decipherinc.com,only_url
edmond-de-rothschild.com,full_deny
mitfahrzentrale.de,only_url
sparkasse-regensburg.de,full_deny
the-goodstuff.com,only_url
ilovemymedia.de,only_url
private.pictet.com,full_deny
gestalterbank.de,full_deny
alte-oldenburger.de,full_deny
oberlandbank.de,full_deny
lidl.ch,only_url
spontacts.com,full_deny
sonnenklar.tv,only_url
schmetterling.de,only_url
overmail.de,only_domain
nielsenwebsurveys.com,only_url
bkk-salzgitter.de,full_deny
sparkasse.de,full_deny
aminoapps.com,only_url
ticketcorner.ch,only_url
banking.bekb.ch,full_deny
ukrainedate.com,full_deny
bcv.ch,full_deny
jungledisk.com,full_deny
stackexchange.com,only_url
nkb.ch,full_deny
volksbank-karlsruhe-baden-baden.de,full_deny
trainbit.com,full_deny
zurrose.ch,only_url
webnode.com,only_url
prsrvy.com,only_url
flixbus.ch,only_url
helsana.ch,full_deny
bringhand.de,only_url
events2love.ch,full_deny
skrill.com,full_deny
inter.de,full_deny
test.solveta.com,only_url
netflix.com,only_url
blablabus.com,only_url
customersegmentation.de,only_url
docs.google.com,full_deny
romeo24.net,full_deny
aok.de,full_deny
e-banking.bcvs.ch,full_deny
secret.ch,full_deny
freenetmobile.de,only_url
toom.de,only_url
raiba-riedenburg.de,full_deny
habbo.com,only_url
omninet.forsa.de,only_url
rb-deggendorf.de,full_deny
xn--sdzucker-bkk-dlb.de,full_deny
sparkasse-rhein-maas.de,full_deny
your-surveys.com,only_url
awac.com,full_deny
ebookers.de,only_url
gvb.ch,full_deny
flinc.org,only_url
amb-assurance.ch,full_deny
pineconeresearch.de,only_url
notebooksbilliger.de,only_url
ergoquest5.com,only_url
creatoracademy.youtube.com,only_domain
kreissparkasse-euskirchen.de,full_deny
ing.be,full_deny
s-pension.de,full_deny
sanagate.ch,full_deny
d389.keyingress.de,only_url
eclipso.de,only_domain
ideal-versicherung.de,full_deny
toare.ch,full_deny
sparkasse-spree-neisse.de,full_deny
vb-eg.de,full_deny
sparda.de,full_deny
schwaebisch-hall.de,full_deny
etanet.ch,only_url
ctera.com,full_deny
ameba.jp,only_url
vrbankrheinsieg.de,full_deny
itzahoer.de,full_deny
rallypoint.com,only_url
vr-dachau.de,full_deny
pronovabkk.de,full_deny
lekkerland.de,only_url
mr01.rogsurvey.de,only_url
bohoo.com,only_url
sm-models.com,full_deny
spk-bbg.de,full_deny
swiss-taxi.com,only_url
da-direkt.de,full_deny
sab.sachsen.de,full_deny
wirecard.com,full_deny
sparkasse-unnakamen.de,full_deny
all.accor.com,only_url
sparkasse-suedwestpfalz.de,full_deny
buergschaftsbank.de,full_deny
ei.decipherinc.com,only_url
raibahandewitt.de,full_deny
sunrise.ch,only_url
genovolksbank.de,full_deny
volksbank-heinsberg.de,full_deny
cmveo.ch,full_deny
panel.dreamhost.com,only_domain
d420.keyingress.de,only_url
volksbank-thueringen-mitte.de,full_deny
elitepartner.de,full_deny
kreissparkasse-kelheim.de,full_deny
digitec.ch,only_url
vimeo.com,full_allow
hauck-aufhaeuser.com,full_deny
ptrack1.com,only_url
sparkasse-rhein-haardt.de,full_deny
raiba-oldenburg.de,full_deny
vr-bank-erding.de,full_deny
craftsportswear.ch,only_url
dsm.com,full_deny
hm.com,only_url
blombank.ch,full_deny
sparkasse-westmuensterland.de,full_deny
ning.com,only_url
surveys.mobrog.com,only_url
sparkasse-loerrach.de,full_deny
lycamobile.com,only_url
bkk-gb.de,full_deny
cede.de,only_url
groupon.de,only_url
nexopia.com,only_url
emailn.de,only_domain
thayngen.clientis.ch,full_deny
moneytoday.ch,full_deny
mewe.com,only_url
anobii.com,only_url
clarins.de,only_url
media1.pineconeresearch.com,only_url
slfrutigen.ch,full_deny
saalesparkasse.de,full_deny
survey.r-c-online.com,only_url
santander.de,full_deny
ecard.cadooz.com,only_url
grafschafter-volksbank.de,full_deny
interactivebrokers.co.uk,full_deny
bmwbkk.de,full_deny
adventskalender.landal.de,only_url
priminfo.ch,only_url
conteinentale-bkk.de,full_deny
probusinsurance.in,full_deny
weleda.de,only_url
ksk-saarlouis.de,full_deny
sparkasse-am-niederrhein.de,full_deny
sutorbank.de,full_deny
eulerhermes.com,full_deny
swiss.com,only_url
toppreise.ch,only_url
ch.onebbw.com,full_deny
epona.ch,full_deny
eon.eu.qualtrics.com,only_url
login.mailbox.org,only_domain
bcj.ch,full_deny
librio.com,only_url
gutzwiller.ch,full_deny
survey.statista-research.com,only_url
hornet.com,only_url
cen.ch,full_deny
coapinsdavant.linternaute.com,only_url
envivas.de,full_deny
richardo.ch,only_url
wertgarantie.de,full_deny
volksbank-kassel-goettingen.de,full_deny
sncf.com,only_url
voba-eg.de,full_deny
surveys.sapioresearch.com,only_url
velogourmet.ch,only_url
bkk-sbh.de,full_deny
spk-arnstadt-ilmenau.de,full_deny
ams.tns-infratest.com,only_url
fahrfahraway.com,only_url
survey.bz,only_url
eu2.intellisurvey.com,only_url
aboutyou.ch,only_url
giropay.com,full_deny
dukascopy.com,full_deny
dailystrength.com,only_url
surveys.savanta.com,only_url
spk-salem.de,full_deny
survey-d.researchnow.com,only_url
fuggerbank.de,full_deny
devk.de,full_deny
photobucket.com,only_url
spk-aschaffenburg.de,full_deny
airbusbank.com,full_deny
bkk-linde.de,full_deny
douglas.de,only_url
webmail.mhs.ch,only_domain
myeae.de,only_url
uniqa.ch,full_deny
lemanikgroup.com,full_deny
vrbankmecklenburg.de,full_deny
ashleymadison.com,full_deny
vr-bankverein.de,full_deny
deichmann.com,only_url
ip-insight.de,only_url
viber.com,only_url
vr-bank-lua.de,full_deny
gladbacher-bank.de,full_deny
voba-rhein-erft-koeln.de,full_deny
gayparship.ch,full_deny
filipinocupid.com,full_deny
investmentbank.barclays.com,full_deny
flaconi.de,only_url
barmer.de,full_deny
influenster.com,only_url
hushmail.com,only_domain
monuta.de,full_deny
xoom.com,full_deny
interactions.com,only_url
cbhbank.com,full_deny
baloise.ch,full_deny
interview.techconsult.de,only_url
beasurveytaker.com,only_url
merkur-bank.de,full_deny
filmaffinity.com,only_url
in-ist-drin.de,full_deny
ipsos.com,only_url
zahnarztvergleich.ch,only_url
skyscanner.de,only_url
dvj.decipherinc.com,only_url
raiba-hoechberg.de,full_deny
rossmann.de,only_url
survey22.toluna.com,only_url
cellufun.com,only_url
sparkasse-solingen.de,full_deny
spk-frg.de,full_deny
niqa.at,full_deny
vereinigte-vrbk.de,full_deny
ligakranken.de,full_deny
reussprivate.com,full_deny
sparhafen.ch,full_deny
volksbank-brawo.de,full_deny
keller-sports.de,only_url
bkk-rrw.de,full_deny
kennzeichen.de,only_url
webtraffic.datacollectionsite.com,only_url
directbox.com,only_domain
unionsecurities.ch,full_deny
krankenkasse-simplon.ch,full_deny
librarything.com,only_url
bkk-miele.de,full_deny
otto.de,only_url
gab.com,only_url
ticketonline.de,only_url
study.lumen-research.com,only_url
statravel.com,only_url
kundenbereich.check24.de,only_url
raiba-muc-sued.de,full_deny
sparkasse-forchheim.de,full_deny
singaporeair.com,only_url
oesa.de,full_deny
vrbank-in-holstein.de,full_deny
muenchner-bank.de,full_deny
tarifcheck.de,only_url
partner.customervoice360.com,only_url
supersingles.ch,full_deny
reisebank.de,full_deny
sparkasse-hochfranken.de,full_deny
stadtsparkasse-bocholt.de,full_deny
volksbank-raiffeisenbank-regensburg-schwandorf.de,full_deny
de.surveymonkey.com,only_url
firstaffair.com,full_deny
eat.ch,only_url
oekk.ch,full_deny
berenberg.de,full_deny
bankfab.com,full_deny
umfrage.onsurvey.de,only_url
app.klarna.com,full_deny
eu5se.voxco.com,only_url
ligabank.de,full_deny
docsafe.swisscom.com,full_deny
emea.opinionsresearch.com,only_url
qgen.abaresearch.co.uk,only_url
citychat.ch,full_deny
talktalk.ch,only_url
jlsecurities.com,full_deny
tullettprebon.com,full_deny
panel.falkorstudios.com,only_url
shop.m-budget.migros.ch,only_url
steyler-bank.de,full_deny
kbr.ch,full_deny
survey.brakethroughresearch.com,only_url
naspa.de,full_deny
sparkasse-oberhessen.de,full_deny
swisscap.com,full_deny
snapchat.com,only_url
web.norstatsurveys.com,only_url
websurvey5.opinionbar.com,only_url
ullapopken.ch,only_url
craft-sports.de,only_url
lebara.ch,only_url
seb.de,full_deny
www1.surveys.gfk.com,only_url
shoe.org,full_deny
talk.gutcheckit.com,only_url
d129.keyingress.de,only_url
kayak.ch,only_url
dogster.com,only_url
commerzbank.de,full_deny
heidelberger-leben.de,full_deny
lovepoint.de,full_deny
academia.edu,only_url
psd-nuernberg.de,full_deny
enterprise.de,only_url
raiffeisen-volksbank-aschaffenburg.de,full_deny
skype.com,only_url
flipdrive.com,full_deny
nochplatz.de,only_url
zweiterfruehling.ch,full_deny
vrbank-geo.de,full_deny
eu.puma.com,only_url
airtime.com,only_url
befragung.ur-ag.de,only_url
swagbucks.qs1.sgizmo.com,only_url
alltours.ch,only_url
bankgantrisch.ch,full_deny
sparwelt.de,only_url
sparkasse-koblenz.de,full_deny
avis.com,only_url
renren.com,only_url
sv-sachsen.de,full_deny
surveygizmo.com,only_url
pathfindersuite.com,only_url
bw-bank.de,full_deny
dbresearch.az1.qualtrics.com,only_url
voba-online.de,full_deny
survey.stakeholderwatch.net,only_url
eulerhermes.de,full_deny
studio.youtube.com,only_domain
migros-ferien.ch,only_url
vb-bocholt.de,full_deny
navigator.gmx.de,only_domain
insitesemea.decipherinc.com,only_url
ca1.qualtrics.com,only_url
ebanking.glkb.ch,full_deny
deindesign.ch,only_url
smava.de,only_url
mmoga.de,only_url
cler.ch,full_deny
casa-doe.com,only_url
money2anywhere.com,full_deny
ksk-kusel.de,full_deny
bace.ch,full_deny
mail.yandex.com,only_domain
jochen-schweizer.de,only_url
degroofpetercam.ch,full_deny
cap.ch,full_deny
vrbanknuernberg.de,full_deny
ysense.com,only_url
flibco.com,only_url
swaggy.ch,only_url
uk.daiwacm.com,full_deny
krankenkassencheck.ch,full_deny
mykolping.ch,full_deny
sv.ktrmr.com,only_url
ce-riviera.ch,full_deny
eulerhermes.ch,full_deny
nextdoor.com,only_url
rb-lauf.de,full_deny
funk-gruppe.de,full_deny
login.live.com,only_domain
herzwandler.net,full_deny
db.com,full_deny
ammerlaender-versicherung.de,full_deny
reifefrauen.com,full_deny
pearl.de,only_url
netbanking.bcn.ch,full_deny
surveys.illuminas.com,only_url
revolut.com,full_deny
habibbank.com,full_deny
regiojet.de,only_url
nomura.com,full_deny
hatena.com,only_url
sparkasse-aachen.de,full_deny
sparkassen-direkt.de,full_deny
spk-goettingen.de,full_deny
surveys.com,only_url
mitfahrgelegenheit.ch,only_url
swissbankers.ch,full_deny
webmail.world4you.com,only_domain
bildkontakte.de,full_deny
targobank.de,full_deny
luthresearch.decipherinc.com,only_url
mediamarkt.ch,only_url
members.askallo.com,only_url
omnipanel.de,only_url
your.hispeed.ch,only_domain
sport-thieme.de,only_url
yummly.com,only_url
scripting.panelinzicht.nl,only_url
sska.de,full_deny
prometerre.ch,full_deny
spk-chemnitz.de,full_deny
trash-mail.com,only_domain
ch-de.voegele-shoes.com,only_url
sparkasse-adl.de,full_deny
hdi.de,full_deny
wuerttembergische.de,full_deny
medimops.de,only_url
onsurvey.demoscope.ch,only_url
ksk-mbteg.de,full_deny
raiba-altdorf-feucht.de,full_deny
de.linkedin.com,only_url
takeaway.com,only_url
testberichte.de,only_url
jottacloud.com,full_deny
lenovo.com,only_url
skandia.ch,full_deny
digitcalrepublic.ch,only_url
ford.de,full_deny
mafo.de,only_url
hypovereinsbank.de,full_deny
filmow.com,only_url
alchemer.com,only_url
oeffentliche-krankenkasse.ch,full_deny
paypal.com,full_deny
bkk-herkules.de,full_deny
edeka.de,only_url
privateclientpartners.ch,full_deny
aldi-nord.de,only_url
sms-hm.de,full_deny
voba-ermstal-alb.de,full_deny
nk.pl,only_url
reformhaus.de,only_url
emani.be,full_deny
otelo.de,only_url
sso.godaddy.com,only_domain
securities.bnpparibas.com,full_deny
boerlind.com,only_url
rdswebsurveys.com,only_url
trendsetterclub.com,only_url
muchomobile.ch,only_url
de.igraal.com,only_url
bpdg.ch,full_deny
sonoag.de,full_deny
survey.zohopublic.com,only_url
ipsos-surveys.askia.com,only_url
slkk.ch,full_deny
dominos.ch,only_url
sparda-sw.de,full_deny
docura.de,full_deny
locanto.ch,full_deny
lieferando.de,only_url
carwow.de,only_url
mastodon.social,only_url
volksbank-rhein-ruhr.de,full_deny
infoboard.schmiedl-online.de,only_url
bankhaus-lampe.de,full_deny
newhoney.com,full_deny
nibcdirect.de,full_deny
volksbank-eg.de,full_deny
quatscha.at,full_deny
swapfinder.com,full_deny
apobank.de,full_deny
casio-europe.com,only_url
surveywriter.net,only_url
amazon.co.uk,only_url
koticag.ch,full_deny
secure3.surveynetwork.com,only_url
ns205.askia.com,only_url
11880.com,only_url
ceresioinvestors.com,full_deny
just-eat.com,only_url
tes.decipherinc.com,only_url
live.shopperfact.com,only_url
klug.ch,full_deny
mhplus-krankenkasse.de,full_deny
liliput.ch,full_deny
newhoney.de,full_deny
ibb.de,full_deny
sparkasse-nuernberg.de,full_deny
sparkasse-hrv.de,full_deny
rb-eching.de,full_deny
gofundme.com,only_url
project.4dshopper.com,only_url
mmwarburg.de,full_deny
sparkasse-haslach-zell.de,full_deny
vbhnr.de,full_deny
raiba-steingaden.de,full_deny
ceanet.ch,full_deny
survey.eu.qualtrics.com,only_url
pacific.surveys.nielsen.com,only_url
skyscanner.ch,only_url
postfinance.ch,full_deny
ksk-es.de,full_deny
volksbank-heilbronn.de,full_deny
jack-wolfskin.de,only_url
mayersche.de,only_url
home24.ch,only_url
npb-bank.ch,full_deny
bkk-wuerth.de,full_deny
laredoute.ch,only_url
sobaco-incore.com,full_deny
aldiventskalender.de,only_url
crunchyroll.com,only_url
de.hi-epanel.com,only_url
momondo.com,only_url
mail-king.com,only_domain
shop.mango.com,only_url
taringa.net,only_url
twitch.tv,only_url
surveys.paradigmsample.com,only_url
sparkasse-cgw.de,full_deny
vividabkk.de,full_deny
mydays.de,only_url
weihnachteninberlin.de,only_url
guru.de,only_domain
g4-emea.yougov.com,only_url
bcp-bank.com,full_deny
arabbank.ch,full_deny
tolunaapac.decipherinc.com,only_url
sofort.de,full_deny
vvst.ch,full_deny
autohaus24.de,only_url
raiffeisenbank-heroldsbach.de,full_deny
smythstoys.com,only_url
egk.ch,full_deny
bandcamp.com,only_url
bkk-rwe.de,full_deny
digg.com,only_url
interlloyd.de,full_deny
warwickecon.co1.qualtrics.com,only_url
mailde.de,only_domain
ikea.com,only_url
helvetischebank.ch,full_deny
ubs.com,full_deny
securvita.de,full_deny
vbl.de,full_deny
bankthalwil.ch,full_deny
survey18.harrisinteractive.eu,only_url
soscisurvey.de,only_url
frankfurter-volksbank.de,full_deny
akb.ch,full_deny
volkswohl-bund.de,full_deny
salus-bkk.de,full_deny
ms.globis-survey.com,only_url
online.unimoni.com,full_deny
marc-o-polo.com,only_url
kaufda.de,only_url
vrsta.de,full_deny
oneswissbank.com,full_deny
lastminute.ch,only_url
vb-mittelhessen.de,full_deny
kreissparkasse-schwalm-eder.de,full_deny
adultfriendfinder.ch,full_deny
qweq.co.uk,only_url
sparkasse-mittelsachsen.de,full_deny
ns49.askia.com,only_url
vielfliegertreff.de,only_url
de.genre.com,full_deny
axaxl.com,full_deny
national-bank.de,full_deny
ksk-steinfurt.de,full_deny
basf.com,full_deny
chinasurveys.nielsen.com,only_url
quirinprivatbank.de,full_deny
bertelsmann-bkk.de,full_deny
ancestry.com,only_url
meinungsort.de,only_url
billiger.de,only_url
jaii.de,full_deny
karlmayer-bkk.de,full_deny
chatterinc.qfimr.com,only_url
hdh-voba.de,full_deny
aldi-mobile.ch,only_url
mabanque.bnpparibas,full_deny
bonhote.ch,full_deny
login.yahoo.com,only_domain
diehk.de,full_deny
daisurvey.com,only_url
volksbank-hamm.de,full_deny
raiba-aschaffenburg.de,full_deny
surveys.touchstone360.com,only_url
actimond.de,full_deny
omio.fr,only_url
arcosana.ch,full_deny
sparkasse-emh.de,full_deny
psyma-surveys.com,only_url
drive.google.com,full_deny
survey.intquest.de,only_url
tk.de,full_deny
vr-obm.de,full_deny
pyur.com,only_url
ebay.de,only_url
ww2.unipark.de,only_url
panelservice.com,only_url
raiba-neumarkt-opf.de,full_deny
heimat-krankenkasse.de,full_deny
allianz.ch,full_deny
btv-bank.ch,full_deny
provita.ch,full_deny
autorenwelt.de,only_url
mamba.com,only_url
yourfone.de,only_url
sparkasse-radevormwald.de,full_deny
sparkasse-lippstadt.de,full_deny
quantus.ch,full_deny
jumpshare.com,full_deny
smallworldfs.com,full_deny
interviews.vivaxis.com,only_url
vergleich.org,only_url
diebayerische.de,full_deny
privatebank.barclays.com,full_deny
emmental-versicherung.ch,full_deny
liechtenstein-life.net,full_deny
amv.de,full_deny
rb-hersbruck.de,full_deny
etsy.com,only_url
bkk-werra-meissner.de,full_deny
knappschaft.de,full_deny
syngenta.ch,full_deny
strateo.ch,full_deny
v-mn.de,full_deny
energie-bkk.de,full_deny
login.sso.bluewin.ch,only_domain
fotki.com,only_url
ok.ru,only_url
raiba-elsavatal.de,full_deny
bancasempione.ch,full_deny
moneyland.ch,only_url
foodora.de,only_url
flyedelweiss.com,only_url
sparkasse-lemgo.de,full_deny
decathlon.de,only_url
bkk-zf-partner.de,full_deny
email.secureserver.net,only_domain
ethikbank.de,full_deny
rvbmil.de,full_deny
sync.com,full_deny
bankzimmerberg.ch,full_deny
hagel.ch,full_deny
df-food.ch,only_url
foerde-sparkasse.de,full_deny
rvk.ch,full_deny
ticketino.com,only_url
ayyildiz.de,only_url
cyberport.de,only_url
airfrance.ch,only_url
ccb.com,full_deny
aufkleberdealer.de,only_url
sportspar.de,only_url
godaddy.de,only_domain
thecasuallounge.de,full_deny
joyn.de,only_url
spk-suedholstein.de,full_deny
wefox.de,full_deny
condor.de,only_url
verlieb-dich.ch,full_deny
yourlove.ch,full_deny
karlsruher.de,full_deny
oldenburgpolsys.eu.qualtrics.com,only_url
symform.com,full_deny
soup.social,only_url
celibataire.ch,full_deny
vbbs.de,full_deny
snowassist.ch,full_deny
mybook.ch,only_url
ravelry.com,only_url
rb-chamer-land.de,full_deny
mocospace.com,only_url
shop-apotheke.com,only_url
dmb-rechtsschutz.de,full_deny
bkk-henschelplus.de,full_deny
sparkasse-oberland.de,full_deny
scribd.com,only_url
nielsenhomescansurveys.com,only_url
datearentner.ch,full_deny
mobilezone.ch,only_url
vauchersport.ch,only_url
wepay.com,full_deny
lovepoint.ch,full_deny
gothaer.de,full_deny
ersparniskasse.ch,full_deny
agrisano.ch,full_deny
elbenwald.de,only_url
biallo.de,only_url
lukb.ch,full_deny
keller-sports.ch,only_url
sunrice.de,only_url
de.toluna.com,only_url
spitalfinder.ch,only_url
valcourt.ch,full_deny
your.hispeed.com,only_domain
hamburger-volksbank.de,full_deny
fly.de,only_url
voba-msw.de,full_deny
gay-parship.ch,full_deny
skd-bkk.de,full_deny
swkbank.de,full_deny
blitzhandel24.de,only_url
puls.3uu.de,only_url
rubensfan.de,full_deny
owkb.ch,full_deny
schlesinger.focusvision.com,only_url
base.de,only_url
myonlinepanel.net,only_url
vrbank-bamberg-forchheim.de,full_deny
joyclub.de,full_deny
rb-grossenlueder.de,full_deny
rlp-bank.de,full_deny
travelbook.de,only_url
pizza.de,only_url
group.ikano,full_deny
rakuten.de,only_url
raiba-gilching.de,full_deny
nrv-rechtsschutz.de,full_deny
takko.com,only_url
deutscherring-kranken.de,full_deny
yallo.ch,only_url
singapore.decipherinc.com,only_url
quilvest.com,full_deny
brandsculpture.com,only_url
sk-westerwald-sieg.de,full_deny
paysbook.com,only_url
cheaptickets.de,only_url
ebanking.bkb.ch,full_deny
sparkasse-mainz.de,full_deny
singleboersencheck.ch,full_deny
distrelec.ch,only_url
sparkasse-suew.de,full_deny
shop.ethletic.com,only_url
viagogo.de,only_url
lbs.de,full_deny
test.fabuza.com,only_url
hansemerkur.de,full_deny
deutscherueck.com,full_deny
deutschepost.de,only_domain
sachsenlb.de,full_deny
voba-bl.de,full_deny
mycloud.com,full_deny
adventskalender.marc-o-polo.de,only_url
bklieferservice.de,only_url
blitec.de,only_url
thaicupid.com,full_deny
psd-koblenz.de,full_deny
ottonova.de,full_deny
ca-nextbank.ch,full_deny
pinboard.in,only_url
dz-privatbank.com,full_deny
group.atradius.com,full_deny
dazn.de,only_url
sparda-bank-hamburg.de,full_deny
basler.de,full_deny
sparkasse-guetersloh-rietberg.de,full_deny
blablacar.com,only_url
triaba.de,only_url
sparkasse-saarbruecken.de,full_deny
ekr.ch,full_deny
ab-in-den-urlaub.ch,only_url
volksbank-jever.de,full_deny
tracking.surveycheck.com,only_url
globalsurveys.mintel.com,only_url
dodax.ch,only_url
gartnersurvey.com,only_url
volksbankeisenberg.de,full_deny
blablacar.de,only_url
rc.eu.qualtrics.com,only_url
internode.de,only_domain
verti.de,full_deny
street-one.ch,only_url
ackermann.de,only_url
gev-versicherung.de,full_deny
canobo.de,only_url
galaxus.ch,only_url
advocard.de,full_deny
surveys.globaltestmarket.com,only_url
mietwagen-check.de,only_url
eclipso.ch,only_domain
kiwiboxinc.com,only_url
coppenrath-wiese.de,only_url
sskduesseldorf.de,full_deny
sunwave.de,full_deny
friendsurance.de,full_deny
suedzucker-bkk.de,full_deny
spk-scheessel.de,full_deny
roland-rechtsschutz.de,full_deny
nrg.decipherinc.com,only_url
ekaffoltern.ch,full_deny
bankleerau.ch,full_deny
billiger-mietwagen.de,only_url
ibackup.com,full_deny
bkk-textilgruppe-hf.de,full_deny
sks.clientis.ch,full_deny
okpunktstrich.ch,only_url
bueroshop24.de,only_url
sauren.ch,full_deny
sample-cube.com,only_url
zaehringer-privatbank.ch,full_deny
sparkasse-uecker-randow.de,full_deny
rbm.ch,full_deny
eurobus.ch,only_url
adultery.ch,full_deny
lfa.de,full_deny
vr-bayernmitte.de,full_deny
vrnu.de,full_deny
feedbaxx.de,only_url
lombardodier.com,full_deny
psd-rhein-ruhr.de,full_deny
viridum-gruppe.com,full_deny
zweisam.de,full_deny
scruff.com,full_deny
umfragen.meinungscenter.de,only_url
rosebikes.de,only_url
iway.ch,only_domain
check.emi-rs.com,only_url
ortelmobile.de,only_url
raiba-schwabmuenchen.de,full_deny
mega.de,full_deny
sonepar.com,full_deny
moneygram.com,full_deny
supra.ch,full_deny
cimbanque.com,full_deny
pechundschwefel.ch,full_deny
spkhw.de,full_deny
check24.de,only_url
survey.ilin.eu,only_url
hsbc.de,full_deny
singlereisen.de,full_deny
lumneziana.ch,full_deny
netbank.de,full_deny
nfrassure.com,full_deny
stumbleupon.com,only_url
d476.keyingress.de,only_url
sso.sasktel.com,only_domain
hi-epanel.com,only_url
sky.de,only_url
eharmony.com,full_deny
dealdoktor.de,only_url
eucerin.de,only_url
s-os.de,full_deny
sparkasse-re.de,full_deny
flirtmit.ch,full_deny
talanx.com,full_deny
login.excite.com,only_domain
meinungsclub.de,only_url
nuernberger.de,full_deny
rhion.de,full_deny
raiba-beilngries.de,full_deny
dominos.de,only_url
consumer-opinion.com,only_url
hannoversche-volksbank.de,full_deny
sv71.ocucom.com,only_url
woddal.com,only_url
yepnep.ch,full_deny
rb-geiselhoering.de,full_deny
credinvest.ch,full_deny
avis.de,only_url
dise-online.com,only_url
private.listentoyoursenses.com,only_url
arag.de,full_deny
privateclientbank.ch,full_deny
allianz-reiseversicherung.de,full_deny
adticket.de,only_url
ge.com,full_deny
reservix.de,only_url
saarlb.de,full_deny
vergleichen.de,only_url
vrbn.de,full_deny
upthere.com,full_deny
xing.com,only_url
wir.ch,full_deny
expensify.com,full_deny
zalando.ch,only_url
couchsurfing.com,only_url
mercantilbanksuiza.com,full_deny
victoriamilan.com,full_deny
lovoo.com,full_deny
friendr.de,full_deny
spk-burgenlandkreis.de,full_deny
bahn-bkk.de,full_deny
sparkasse-bodensee.de,full_deny
lkh.de,full_deny
degoo.com,full_deny
myticket.de,only_url
tool.cambri.io,only_url
posteo.de,only_domain
aachener-bank.de,full_deny
momondo.de,only_url
sbroker.de,full_deny
gemeinschaftsbank.ch,full_deny
millenniumbp.ch,full_deny
alibabacloud.com,full_deny
s.cint.com,only_url
discord.com,only_url
amazon.fr,only_url
sparkasse-hochschwarzwald.de,full_deny
finya.de,full_deny
morganstanley.com,full_deny
securesafe.com,full_deny
tiptopcarbon.de,only_url
survey-d.dynata.com,only_url
singles.ch,full_deny
autohus.de,only_url
salamander.de,only_url
okcupid.com,full_deny
meinevolksbank.de,full_deny
trafina.ch,full_deny
mount10.ch,full_deny
credit-suisse.com,full_deny
psd-karlsruhe-neustadt.de,full_deny
psd-nord.de,full_deny
uscalegmbh.eu.qualtrics.com,only_url
cloudme.com,full_deny
telekom.de,only_url
berlin.de,only_url
golayne.ch,only_url
tripadvisor.de,only_url
leshop.ch,only_url
tcs.ch,only_url
innofact-umfrage3.de,only_url
feuersozietaet.de,full_deny
sparkasse-moenchengladbach.de,full_deny
pinterest.de,only_url
slideserve.com,only_url
travelworldwide.ch,only_url
zalando-lounge.ch,only_url
weibo.com,only_url
jack-wolfskin.ch,only_url
saanenbank.ch,full_deny
gelegenheitssex.com,full_deny
adecco.ch,full_deny
sport-sperk.de,only_url
walbusch.de,only_url
livretto.ch,only_url
cashsparen.de,only_url
lidl-flyer.com,only_url
spk-swb.de,full_deny
athleticum.ch,only_url
die-bergische-bkk.de,full_deny
cougartreff.net,full_deny
digitalaudio3.qualtrics.com,only_url
stnet.ch,only_url
nachspielzeit-community.de,only_url
single-ausflug.ch,full_deny
meine-krankenkasse.de,full_deny
emirates.com,only_url
sozialbank.de,full_deny
hbl.ch,full_deny
partner.ch,full_deny
falconpb.com,full_deny
atheneumsurveys.com,only_url
ch.leonteq.com,full_deny
wwwsec.urkb.ch,full_deny
vb-ruhrmitte.de,full_deny
rofu.de,only_url
need3.sawtoothsoftware.com,only_url
umfrage.insa-consulere.de,only_url
online.ssisurveys.com,only_url
milchstrasse.insitessquare.com,only_url
efggroup.com,full_deny
tolunastart.com,only_url
nv-online.de,full_deny
transre.com,full_deny
speeddating.ch,full_deny
girlsaskguys.com,only_url
spotify.com,only_url
secure.lukb.ch,full_deny
financescout24.de,only_url
1-2-fly.com,only_url
uims.de,only_domain
grosseleute.de,full_deny
protekta.ch,full_deny
lamapoll.de,only_url
vrbrm.de,full_deny
seebachgrund.de,full_deny
glkb.ch,full_deny
ameropa.de,only_url
surveys.titan.international,only_url
privatebanking.societegenerale.ch,full_deny
surveys.lifepointspanel.com,only_url
bw.ermoeglicher.de,full_deny
edarling.de,full_deny
solida.ch,full_deny
disk.yandex.com,full_deny
casualdate18.ch,full_deny
ruv.de,full_deny
globalinsights.decipherinc.com,only_url
sparda-west.de,full_deny
psd-hannover.de,full_deny
stadtsparkasse-kaiserslautern.de,full_deny
surveys.sample-cube.com,only_url
lastminute.de,only_url
adamare-singlereisen.de,full_deny
survey18.toluna.com,only_url
spideroak.com,full_deny
mylife-leben.de,full_deny
real.de,only_url
gfigroup.com,full_deny
tricount.com,full_deny
rewards.pineconeresearch.de,only_url
myiyo.com,only_url
telegram.org,only_url
catfinancial.com,full_deny
hp.cspace.com,only_url
bcn.ch,full_deny
altervista.org,only_url
travelscout24.de,only_url
club.biotherm.de,only_url
research.haystack-international.com,only_url
unitedminds.nu,only_url
neue-leben.de,full_deny
idrive.com,full_deny
swissonlinedating.ch,full_deny
bgcpartners.com,full_deny
burgerliche-ek-bern.ch,full_deny
europa.de,full_deny
alliedworldinsurance.com,full_deny
raiba-mittenwald.de,full_deny
leiser.de,only_url
sparkasse-pfaffenhofen.de,full_deny
500px.com,only_url
jaumo.com,full_deny
progres.ch,full_deny
sparkasse-dillingen.de,full_deny
raiffeisenbank-regensburg.de,full_deny
spk-ro-aib.de,full_deny
surveymyopinion.researchnow.com,only_url
atfix.net,only_domain
raiba-gaimbux.de,full_deny
v-s-w.de,full_deny
kalaydo.de,only_url
ullapopken.eu,only_url
paydirekt.de,full_deny
sparkasse-ulm.de,full_deny
softhome.net,only_domain
chstat.ch,only_url
sparkasse-erlangen.de,full_deny
helvetictours.ch,only_url
innovationsurveys2.nielsenplatform.com,only_url
mueller.de,only_url
adxpartner.com,full_deny
survey.opinion.life,only_url
bpl-bondpartners.ch,full_deny
europ-assistance.de,full_deny
listentoyoursenses.com,only_url
carpooling.com,only_url
ruv-bkk.de,full_deny
sparkassedeggendorf.de,full_deny
hello.com,only_url
take.yunosurveys.com,only_url
s-mil.de,full_deny
sparkasse-landshut.de,full_deny
insightexpress.com,only_url
sire.ch,full_deny
comparis.ch,only_url
banque-es.ch,full_deny
userresearch.co1.qualtrics.com,only_url
wertgarantie.ch,full_deny
sparkasse-rottal-inn.de,full_deny
weberbank.de,full_deny
universa.de,full_deny
cs.schlesingerassociates.com,only_url
stromauskunft.de,only_url
ebanking.ubp.com,full_deny
sparkasse-dachau.de,full_deny
livejasmin.com,full_deny
brandeburgische-bkk.de,full_deny
vr-burglengenfeld.de,full_deny
flixster.com,only_url
upc.ch,only_url
genobank-unterallgaeu.de,full_deny
reifendirekt.ch,only_url
mega.ch,full_deny
reverbnation.com,only_url
sv68.ocucom.com,only_url
bkk-pfaff.de,full_deny
rb-hirschau.de,full_deny
zurich.de,full_deny
debeka-bkk.de,full_deny
de.finance.yahoo.com,full_deny
opendiary.com,only_url
volksbank-boerde-bernburg.de,full_deny
m3globalresearch.com,only_url
edreams.de,only_url
maxdome.de,only_url
raiba-msp.de,full_deny
vb-marl-recklinghausen.de,full_deny
travelchannel.de,only_url
wizzair.com,only_url
diebank.de,full_deny
christmas-calendar.triumph.com,only_url
one-night-stand.ch,full_deny
ps.opinionetwork.com,only_url
banquehavilland.com,full_deny
starticket.ch,only_url
weg.de,only_url
t.adcell.com,only_url
asmallworld.com,only_url
ksk-ostalb.de,full_deny
rmbeg.de,full_deny
Walmart.com,full_deny
sparkasse-markgraeflerland.de,full_deny
vrbanksn.de,full_deny
raiba-parsberg-velburg.de,full_deny
pineconeresearch.com,only_url
bader.de,only_url
simyo.de,only_url
alternate.de,only_url
echtzeit.ch,only_url
swupp.ch,only_url
ersparniskassespeicher.ch,full_deny
viadeo.com,only_url
sparkasse-hannover.de,full_deny
dkr1.ssisurveys.com,only_url
migrosbank.ch,full_deny
raiba-aindling.de,full_deny
kskwnd.de,full_deny
bkkpfalz.de,full_deny
coop.ch,only_url
kultiviertesingles.ch,full_deny
trustedshops.com,only_url
bekb.ch,full_deny
parfumdreams.de,only_url
etoro.com,only_url
pbbdirekt.com,full_deny
fetisch.de,full_deny
ebanking.raiffeisen.ch,full_deny
asos.com,only_url
aldi-suisse-tours.ch,only_url
spk-gengenbach.de,full_deny
fc2.com,only_url
home.saxo,full_deny
yourmobile.ch,only_url
rec-eu.i-say.com,only_url
jappy.com,full_deny
wgv.de,full_deny
ksklb.de,full_deny
mannheimer.de,full_deny
dell.com,only_url
saturn.de,only_url
radiotagebuch.de,only_url
ecovoiturage.ch,only_url
sportcheck24.com,only_url
eco24.de,only_url
momondo.ch,only_url
kendra.ch,full_deny
vkh-online.de,full_deny
loopsterpanel.de,only_url
five.insight.ninja,only_url
aco.org.gg,full_deny
carweb.ch,only_url
audibank.de,full_deny
hotela.ch,full_deny
ebill.ch,full_deny
panel.testraum.de,only_url
streaming-tagebuch.gfk.com,only_url
skymail.de,only_domain
twogo.com,only_url
wegwerfemail.de,only_domain
icbcswiss.com,full_deny
meetme.com,only_url
evernote.com,only_url
sparkasse-lev.de,full_deny
mimedia.com,full_deny
mypcbackup.com,full_deny
olmo.ch,only_url
walbusch.ch,only_url
afrointroductions.com,full_deny
assura.ch,full_deny
sobanet.baloise.ch,full_deny
raiba-ke-oa.de,full_deny
ww4.efs-survey.com,only_url
comma-store.de,only_url
redi.jtnpanel.com,only_url
harzer-volksbank.de,full_deny
afsgroup.nl,full_deny
route.completemarketplaceinsights.com,only_url
provinzial-online.de,full_deny
snipes.ch,only_url
fahrrad.de,only_url
srv.ch,only_url
myswitzerland.com,only_url
mcarthurglen.com,only_url
aldiana.com,full_deny
shoplino.ch,only_url
deine-volksbank.de,full_deny
gleichklang.de,full_deny
dextra.ch,full_deny
africa-re.com,full_deny
fotolog.com,only_url
mcg.decipherinc.com,only_url
syncplicity.com,full_deny
mail.livenet.ch,only_domain
flickr.com,only_url
banking.bcj.ch,full_deny
buchhandel.de,only_url
firstcaution.ch,full_deny
sparkasse-bamberg.de,full_deny
zoolz.com,full_deny
digitalvoice.nielsen.com,only_url
puzzle.de,only_url
docmorris.de,only_url
kkv.ch,full_deny
drive2day.de,only_url
tinder.com,full_deny
fussmatten-welt.de,only_url
trombi.com,only_url
app.testingtime.com,only_url
wwk.de,full_deny
vspk-neustadt.de,full_deny
dertour.de,only_url
groupemutuel.ch,full_deny
verein-aurora.ch,full_deny
v2.rethink.software,full_deny
ochsner-shoes.ch,only_url
sparkasse-krefeld.de,full_deny
lbb.de,full_deny
ask.fm,only_url
skilift.dating,full_deny
Budget.com,only_url
positiv-treff.de,full_deny
sparkasse-hgp.de,full_deny
aab.de,full_deny
hertz.com,only_url
berlinhyp.de,full_deny
verbundvolksbank-owl.de,full_deny
szkb.ch,full_deny
vkb.de,full_deny
mip.sunrise.ch,only_domain
zelx.de,only_domain
sallfort.com,full_deny
seitensprungarea.com,full_deny
maxxim.de,only_url
surveys.eliteopinio.com,only_url
bkk-freudenberg.de,full_deny
vr-bank-nordrhoen.de,full_deny
friendlyonlinesurveys.com,only_url
thunderbird.net,only_domain
opodo.de,only_url
edarling.ch,full_deny
dodax.de,only_url
shop.wenko.de,only_url
huk.de,full_deny
wordpress.com,full_allow
vrbank-ihn.de,full_deny
sparkasse-koelnbonn.de,full_deny
sparkasse-bremen.de,full_deny
nintendo.de,only_url
greatlakesins.com,full_deny
survey1.hi-epanel.com,only_url
pb-santander.com,full_deny
swissquote.ch,full_deny
globus.ch,only_url
parwise.de,full_deny
onepoll.com,only_url
itur.com,only_url
quoka.de,only_url
advent.boerlind.com,only_url
ksk-birkenfeld.de,full_deny
bordesholmer-sparkasse.de,full_deny
surveymonkey.de,only_url
merck-kk.de,full_deny
askgfk.de,only_url
urlaub.expedia.ch,only_url
getgo.de,only_url
uber.com,only_url
dimensions4.mercuryanalytics.com,only_url
tripadvisor.ch,only_url
vrkt.de,full_deny
smood.ch,only_url
vr-memmingen.de,full_deny
hoppingdinner.ch,full_deny
5x2.de,only_url
survey.questmindshare.com,only_url
survey.vipvoice.com,only_url
meinungswelt.de,only_url
sportdeal24.de,only_url
ticino.com,only_url
match.com,full_deny
opros1.survstat.ru,only_url
wiseworksresearch.com,only_url
calendar.google.com,only_domain
jefferies.com,full_deny
probav.de,full_deny
medium.com,only_url
sparkasse-osterode.de,full_deny
cec.clientis.ch,full_deny
crediteurope.ch,full_deny
oeffentliche.de,full_deny
medimax.de,only_url
sgkb.ch,full_deny
aktion.deutschlandcard.de,only_url
paymit.com,full_deny
b19.hrcglobal.com,only_url
norisbank.de,full_deny
soc.decipherinc.com,only_url
date50.ch,full_deny
voba-rheinahreifel.de,full_deny
mizuho.ch,full_deny
survey.mediaanalyzer.info,only_url
psd-koeln.de,full_deny
aliexpress.com,only_url
cognito.sociovision.com,only_url
direct.credit-suisse.com,full_deny
buchhaus.ch,only_url
gina-laura.com,only_url
myonlinepanel.de,only_url
brainly.com,only_url
remaco.com,full_deny
blau.de,only_url
kpt.ch,full_deny
foehr-amrumer-bank.de,full_deny
bbbank.de,full_deny
blomp.com,full_deny
payback.de,only_url
vwfs.de,full_deny
vbdel.de,full_deny
sparkasse-guenzburg-krumbach.de,full_deny
schmiedl-online.de,only_url
seeligerbank.de,full_deny
fti.de,only_url
tuenti.com,only_url
bvv.de,full_deny
news.teufel.de,only_url
classmates.com,only_url
cvendcustomersurvey.questionpro.eu,only_url
webs.norstatsurveys.com,only_url
d381.keyingress.de,only_url
eservice.cembra.ch,full_deny
bzbank.ch,full_deny
keplercheuvreux.com,full_deny
melectronics.ch,only_url
spk-buehl.de,full_deny
raiba-neustadt.de,full_deny
bantleon.com,full_deny
kundencenter.gkb.ch,full_deny
alettisuisse.ch,full_deny
browser-hub.eye-square.com,only_url
cmvsa.ch,full_deny
wwwsec.valiant.ch,full_deny
nbkswiss.com,full_deny
yelp.de,only_url
opinion-surveys.de,only_url
akf.de,full_deny
24-mail.de,only_domain
muenchener-verein.de,full_deny
arcor.de,only_url
flixbus.de,only_url
sparkasse-muensterland-ost.de,full_deny
bancaria.ch,full_deny
finanzen.check24.de,only_url
sodalis.ch,full_deny
crweblab.com,only_url
hypobank.ch,full_deny
bankschilling.de,full_deny
nextcloud.com,full_deny
enter.ipsosinteractive.com,only_url
compass-am.com,full_deny
q.reviewrobin.com,only_url
msamlin.com,full_deny
weheartit.com,only_url
cint-lsrrid-production.azurewebsites.net,only_url
fritzclassen.com,only_url
1822direkt.de,full_deny
mydirtyhobby.com,full_deny
aquila.ch,full_deny
famk.de,full_deny
listography.com,only_url
uofeedback.qualtrics.com,only_url
soundcloud.com,only_url
bkk-faber-castell.de,full_deny
bankbsu.ch,full_deny
sbb.ch,only_url
continentale.de,full_deny
mexmail.de,only_domain
abracar.de,only_url
meetvibe.com,only_url
outeverywhere.com,only_url
ksk-verden.de,full_deny
d171.keyingress.de,only_url
survey.hopp-marktforschung.de,only_url
kreissparkasse-duesseldorf.de,full_deny
itscoop.ch,only_url
galaxus.de,only_url
sparkasse-pforzheim-calw.de,full_deny
koofers.com,only_url
mail.de,only_domain
blogster.com,only_url
feuerflamme.de,full_deny
va-genossenschaft.ch,full_deny
uk.focusvision.com,only_url
sparkasse-sw-has.de,full_deny
kreissparkasse-ravensburg.de,full_deny
vero.co,only_url
shop.rewe.de,only_url
portal.tkb.ch,full_deny
veganesingles.ch,full_deny
ch.vpbank.com,full_deny
parship.de,full_deny
spin.de,only_url
secure.insightexpressai.com,only_url
ao.de,only_url
mail.live.com,only_domain
dak.de,full_deny
outfitter.de,only_url
vb-bbs.de,full_deny
cloob.com,only_url
qassa.de,only_url
vodafone.de,only_url
barmenia.de,full_deny
newhoney.ch,full_deny
vhv.de,full_deny
ksk-stade.de,full_deny
sosonlienbackup.com,full_deny
sbk.org,full_deny
naschwerkstatt.insitessquare.com,only_url
skyticket.sky.de,only_url
exlibris.ch,only_url
sparkasse-pm.de,full_deny
kkwaedenswil.ch,full_deny
survey5.jts-mafoservice.de,only_url
izito.de,only_url
sparda-b.de,full_deny
webauto.de,only_url
bar-dating.ch,full_deny
umweltbank.de,full_deny
cecm.ch,full_deny
gl-sh.de,full_deny
wasgau-ag.de,only_url
quickline.ch,only_url
provinzial-nordwest.de,full_deny
solidab.com,full_deny
siemag-bkk.de,full_deny
simbamail.de,only_domain
jiocloud.com,full_deny
lp.finanzen.de,only_url
vbinswf.de,full_deny
bbva.ch,full_deny
mail.google.com,only_domain
ebay-kleinanzeigen.de,only_url
harzsparkasse.de,full_deny
trendfrage.de,only_url
zarattini.ch,full_deny
opendrive.de,full_deny
myphotobook.de,only_url
cxsingle.com,full_deny
interfriendship.ch,full_deny
snipes.de,only_url
ksk-ratzeburg.de,full_deny
volksbank-forchheim.de,full_deny
business-drive.ch,full_deny
inside-digital.de,only_url
smartcon-research.com,only_url
visana.ch,full_deny
hema.com,only_url
allianz.de,full_deny
weltbild.ch,only_url
bankhaus-jungholz.ch,full_deny
allianz-krankenversichert.de,full_deny
autoankaufswiss.ch,only_url
canoodle.com,only_url
bibsonomy.org,only_url
surveys.insightexpressai.com,only_url
e-mag.toluna.com,only_url
das-abo.ch,only_url
bemyeyes.com,only_url
sparkasse-soestwerl.de,full_deny
swoodoo.com,only_url
webmail.internode.on.net,only_domain
billigfluege.de,only_url
haspa.de,full_deny
gameladen.com,only_url
zipcloud.com,full_deny
23snaps.com,only_url
passport.yandex.com,only_domain
nispa.de,full_deny
xl-date.ch,full_deny
transa.ch,only_url
thomascook.de,only_url
slashdot.org,only_url
sify.com,only_url
voba-rll.de,full_deny
big-direkt.de,full_deny
vr-bank-muenchen-land.de,full_deny
bkk-hmr.de,full_deny
nymphenburg.q-dot.de,only_url
oevb.de,full_deny
goldman-sachs.ch,full_deny
vr-bank-westmuensterland.de,full_deny
lippische.de,full_deny
wechat.com,only_url
bcf.ch,full_deny
data-collector.zappi.io,only_url
kreissparkasse-heinsberg.de,full_deny
sparkasse-emsland.de,full_deny
hyvesgames.nl,only_url
bic-bred.com,full_deny
prevision.iridion.de,only_url
sw.ktrmr.com,only_url
surveytool.de,only_url
spk-in-ei.de,full_deny
ns185.askia.com,only_url
shutterfly.com,only_url
himmlisch-plaudern.ch,full_deny
anonfiles.com,full_deny
survey.euro.confirmit.com,only_url
escora-dessous.de,only_url
hrs.de,only_url
survey34.irquest.com,only_url
google.qualtrics.com,only_url
deutscherueck.de,full_deny
survey.quantilope.com,only_url
mobilcom-debitel.de,only_url
nissan-bank.de,full_deny
corner.ch,full_deny
crazyprices.ch,only_url
snowcare.ch,full_deny
survey.rigourresearch.co.uk,only_url
mail.yahoo.com,only_domain
lovescout24.de,full_deny
cardif.fr,full_deny
intesasanpaolopbmorval.ch,full_deny
taurussports.ch,only_url
ww2.nicequest.com,only_url
k-m.info,full_deny
plurk.com,only_url
generali.de,full_deny
sparkasse-hanau.de,full_deny
sdc.com,full_deny
adidas.ch,only_url
ashampoo.com,only_url
opinioninn.com,only_url
grammontfinance.com,full_deny
solo.questmindshare.com,only_url
lemonswan.de,full_deny
extremus.de,full_deny
50plus-treff.de,full_deny
sw01.rogsurvey.de,only_url
tripadvisor.com,only_url
uelzener.de,full_deny
cede.ch,only_url
vr-bank-alzenau.de,full_deny
ikk-suedwest.de,full_deny
catster.com,only_url
hotelplan.ch,only_url
bankbiz.ch,full_deny
slwynigen.ch,full_deny
internetbank.owkb.ch,full_deny
app.imadresearch.com,only_url
voat.co,only_url
ww3.unipark.de,only_url
moms-dads-kids.ch,full_deny
investec.com,full_deny
crazy-factory.com,only_url
ackermann.ch,only_url
eventim.de,only_url
psd-west.de,full_deny
surveyengine.pureprofile.com,only_url
psd-kiel.de,full_deny
filesync.ch,full_deny
smart-mail.de,only_domain
buchbinder.de,only_url
lablue.ch,full_deny
tresorit.com,full_deny
suchen.mobile.de,only_url
vigo-krankenversicherung.de,full_deny
goodreads.com,only_url
jsfiddle.net,only_url
mytemptation.club,full_deny
woelkli.com,full_deny
kfw.de,full_deny
infovalidator.com,only_url
mytoys.de,only_url
wish.com,only_url
bumble.com,full_deny
slb.ch,full_deny
kristallwelten.swarovski.com,only_url
weltsparen-by-raisin.typeform.com,only_url
victoriamilan.de,full_deny
filesync.de,full_deny
lidl.de,only_url
sparkasse-wilhelmshaven.de,full_deny
sugarsync.com,full_deny
bkk24.de,full_deny
kskkl.de,full_deny
participationstation.net,only_url
bkk-ewe.de,full_deny
opco.me,only_url
asiandating.com,full_deny
barclaycard.de,full_deny
deindesign.de,only_url
lovescout24.ch,full_deny
lieblingstasche.de,only_url
morningconsult.az1.qualtrics.com,only_url
penny.de,only_url
elephantdrive.com,full_deny
rebuy.de,only_url
generationplus.de,only_url
grindrgay.de,full_deny
cheaptickets.ch,only_url
rbc.com,full_deny
heartbooker.ch,full_deny
us1se.voxco.com,only_url
cdn.ipsosinteractive.com,only_url
api.ysense.com,only_url
englishbaby.com,only_url
psvag.de,full_deny
volksbank-lahr.de,full_deny
pensionskasse-wacker.de,full_deny
michaelkors.de,only_url
trapezblech-onlineshop.de,only_url
easy.uni.de,only_domain
carneoo.de,only_url
kissnofrog.com,full_deny
psd-berlin-brandenburg.de,full_deny
sparkasse-wuppertal.de,full_deny
swisslife.ch,full_deny
rhspecials.randomhouse.de,only_url
elitepartner.ch,full_deny
nospa.de,full_deny
evb-meppen.de,full_deny
postbank.de,full_deny
bancastato.ch,full_deny
volksbank-freiburg.de,full_deny
bbobank.ch,full_deny
survey.wilke.dk,only_url
greenmonkeys.com,only_url
fly4free.com,only_url
bkk-stadt-augsburg.de,full_deny
douban.com,only_url
clickandbuy.com,full_deny
slr.ch,full_deny
zkb.ch,full_deny
xt3.com,only_url
stromtipp.de,only_url
sparkasse-allgaeu.de,full_deny
happycar.ch,only_url
equip-surveys.com,only_url
deutsche-rentenversicherung.de,full_deny
toptarif.de,only_url
dronestagr.am,only_url
epicgames.com,only_url
allrecht.de,full_deny
mediafire.com,full_deny
zeplin.io,full_deny
ws.promostudies.com,only_url
zinspilot.de,full_deny
webmailer.1und1.de,only_domain
scor.com,full_deny
websrvcs.com,only_domain
frankfurter-sparkasse.de,full_deny
muslimlife.eu,full_deny
producthunt.com,only_url
lloyds.com,full_deny
banqueduleman.ch,full_deny
ladycashback.de,only_url
greenpanthera.com,only_url
banking.vwfs.de,full_deny
kultiviertesingles.de,full_deny
myopportunity.com,only_url
lesarion.com,full_deny
mydrive.ch,full_deny
kintex.de,only_url
axa-art.com,full_deny
eek.ch,full_deny
soka-dach.de,full_deny
ergoquest7.com,only_url
panelist.cint.com,only_url
nielseniq.com,only_url
videobuster.de,only_url
relx.com,full_deny
itauprivatebank.com,full_deny
kneipp.com,only_url
inlinx.com,only_url
research-survey.com,only_url
vrbank-ffb.de,full_deny
sparkasse-amberg-sulzbach.de,full_deny
e-rewards.de,only_url
invite.rmrsurveys.com,only_url
amag.ch,only_url
cargarantie.ch,full_deny
top-offerten.ch,only_url
vasan.com,full_deny
singleboersen-vergleich.ch,full_deny
bitrix24.net,full_deny
emea.focusvision.com,only_url
die-schwenninger.de,full_deny
quopeople.de,only_url
singel.ch,full_deny
surveypronto.com,only_url
sparkasse-goch.de,full_deny
ikk-classic.de,full_deny
mgfinance.ch,full_deny
vereinigte-hagel.net,full_deny
hsbc.ch,full_deny
inlinea.ch,full_deny
pcloud.com,full_deny
24-mail.com,only_domain
hubculture.com,only_url
sparkasse-werra-meissner.de,full_deny
jpmorganchase.com,full_deny
rb-os.de,full_deny
delen.ch,full_deny
strato.com,full_deny
tuifly.com,only_url
autokunz.ch,only_url
bayernlb.de,full_deny
deutsche-pensionskasse.de,full_deny
merckfinck.de,full_deny
bkb.ch,full_deny
swissflirt.ch,full_deny
sparkasse-mittelthueringen.de,full_deny
adidas.de,only_url
getonce.com,full_deny
sparkasse-muelheim-ruhr.de,full_deny
passion4u.ch,full_deny
laredoute.com,only_url
empfohlen.de,only_url
liechtensteinlife.com,full_deny
def-shop.de,only_url
romoto.de,only_url
psdbank-ht.de,full_deny
bkkgs.de,full_deny
ankieta.pbs.pl,only_url
viactiv.de,full_deny
ts1.eu.qualtrics.com,only_url
nkd.com,only_url
conectarc.tesintegra.net,only_url
vr-lif-ebn.de,full_deny
btdekon.eu.qualtrics.com,only_url
sparkasse-ffb.de,full_deny
partnervermittlung.ch,full_deny
buchplanet.ch,only_url
matchridergo.de,only_url
sparkasse-nordhorn.de,full_deny
customersurveyportal.com,only_url
ksk-tuebingen.de,full_deny
edmodo.com,only_url
yunosurveys.com,only_url
box.com,full_deny
salt.ch,only_url
cimigo.nebu.com,only_url
spirit.com,only_url
unipark.de,only_url
sympany.ch,full_deny
gdv-dl.de,full_deny
credendo.com,full_deny
vrbank-suedthueringen.de,full_deny
zugerkb.ch,full_deny
surveys.irbureau.com,only_url
livejournal.com,only_url
reyl.com,full_deny
vr-mio.de,full_deny
account.microsoft.com,only_domain
jpc.de,only_url
flirtcafe.de,full_deny
peak-re.com,full_deny
clariant.com,full_deny
worldofsweets.de,only_url
ksk-saarpfalz.de,full_deny
gls-bank.de,full_deny
4sync.com,full_deny
s-21.onesurvey.com,only_url
riamoneytransfer.com,full_deny
hub.m3globalresearch.com,only_url
vbhildesheimerboerde.de,full_deny
vr-bank.de,full_deny
italiarail.com,only_url
thello.com,only_url
rb-new-voh.de,full_deny
l-bank.de,full_deny
clientis.ch,full_deny
bkk-wf.de,full_deny
rberding.de,full_deny
link.greenpanthera.com,only_url
voegele-reisen.de,only_url
scobag.ch,full_deny
singlelounge.ch,full_deny
sparkasse-suedpfalz.de,full_deny
vr-amberg.de,full_deny
d310.keyingress.de,only_url
sparstrom.de,only_url
autocar24.ch,only_url
vrbank-augsburg-ostallgaeu.de,full_deny
railtour.ch,only_url
dominaguide.ch,full_deny
lycamobile.ch,only_url
post.ch,full_deny
hunkemoller.de,only_url
ikk-gesundplus.de,full_deny
pbihag.ch,full_deny
login.one.com,only_domain
vrbank-suew.de,full_deny
scanplus.gfk.de,only_url
ebookers.ch,only_url
tkhcloudstorage.com,full_deny
ecobookstore.de,only_url
app.trendsetterclub.com,only_url
zalando-lounge.com,only_url
vrla.de,full_deny
alt.com,full_deny
pay.google.com,full_deny
na.surveys.nielsen.com,only_url
rungisexpress.de,only_url
bkk-provita.de,full_deny
vobadreieich.de,full_deny
newre.com,full_deny
vvb-maingau.de,full_deny
myaccount.google.com,only_domain
members.onepoll.com,only_url
sv.netr.jp,only_url
foursquare.com,only_url
vbimharz.de,full_deny
webmail.jpberlin.de,only_domain
unitymedia.de,only_url
globalance.com,full_deny
de1.mytelecomsurvey.com,only_url
citigroup.com,full_deny
qbeeurope.com,full_deny
router.cint.com,only_url
globetrotter.de,only_url
coopathome.ch,only_url
couchstyle.de,only_url
hhpk.de,full_deny
ottos.ch,only_url
baumann-banquiers.ch,full_deny
mymagicmoments.de,only_url
gewinnen.endlich-gewinnen.com,only_url
adventskalender.hessnatur.com,only_url
microspot.ch,only_url
twoo.com,only_url
analysis.dialego.de,only_url
spktw.de,full_deny
spk-mittelholstein.de,full_deny
sparkasse-niederbayern-mitte.de,full_deny
ikkbb.de,full_deny
blsk.de,full_deny
eventfrog.ch,only_url
espritshop.ch,only_url
sparkasse-stade-altes-land.de,full_deny
onba.zkb.ch,full_deny
helvetia.ch,full_deny
globus.de,only_url
precisionsample.com,only_url
shkb.ch,full_deny
instagram.com,only_url
neu.de,full_deny
reisen.de,only_url
gayroyal.com,full_deny
sparkasse-siegen.de,full_deny
tom-tailor.de,only_url
zurich.ch,full_deny
pkz.ch,only_url
de.dawanda.com,only_url
global.yougov.com,only_url
kunde.trend-research.de,only_url
bkk-vdn.de,full_deny
sparkasse-schwerte.de,full_deny
zotero.org,only_url
tvnow.de,only_url
utmostworldwide.com,full_deny
sparda-a.de,full_deny
kreissparkasse-eichsfeld.de,full_deny
signal-iduna.de,full_deny
icedrive.net,full_deny
cint.zendesk.com,only_url
sparkasse-rhein-nahe.de,full_deny
surveys.askia.com,only_url
kik.com,only_url
workplace.clickworker.com,only_url
fuckbook.ch,full_deny
hsh-nordbank.de,full_deny
o2dconline.com,only_url
randomhouse.de,only_url
ssk-cuxhaven.de,full_deny
merkur-privatbank.de,full_deny
dzhyp.de,full_deny
obi.de,only_url
psd-muenchen.de,full_deny
concordia.ch,full_deny
bankoberaargau.clientis.ch,full_deny
nap-sack.com,only_url
cortalconsors.de,full_deny
lidl-reisen.de,only_url
sparkasse-bochum.de,full_deny
rediff.com,only_url
autoscout24.ch,only_url
surveys.thepanelstation.com,only_url
q.opinioni.net,only_url
muenchner-verein.de,full_deny
freidenker.insitessquare.com,only_url
qbe.com,full_deny
wieland-bkk.de,full_deny
email.t-online.de,only_domain
dupplica.com,full_deny
datingpoint.ch,full_deny
fnac.com,only_url
chubb.com,full_deny
statravel.ch,only_url
kiwi.com,only_url
raiba-rupertiwinkel.de,full_deny
bkkrwe.de,full_deny
westimmo.com,full_deny
connectopinions.de,only_url
tui.com,only_url
survey.saysoforgood.com,only_url
onedrive.live.com,full_deny
baechli-bergsport.ch,only_url
webmail.hoststar.ch,only_domain
vrbk.de,full_deny
survey.vocatus.de,only_url
bkk-euregio.de,full_deny
moviepanel.de,only_url
nrwbank.de,full_deny
klinikrente.de,full_deny
artists.youtube.com,only_domain
beacon.gi,full_deny
ikk-nord.de,full_deny
der.com,only_url
adidas.com,only_url
seatbank.de,full_deny
onebbw.com,full_deny
fuege.de,only_url
dkkrwe.de,full_deny
newnewshop.ch,only_url
volksbank-stuttgart.de,full_deny
ey-bkk.de,full_deny
gevau.com,full_deny
globetrotter.ch,only_url
kskbb.de,full_deny
provinzial.com,full_deny
buchgeschenkefinder.de,only_url
cixos2.com,only_url
survey.epiphany-rbc.com,only_url
bankzweiplus.ch,full_deny
rb-beuerberg.de,full_deny
getjealous.com,only_url
psd-rheinneckarsaar.de,full_deny
halbvoll.net,full_deny
raftr.com,only_url
gvv.de,full_deny
rb-eggenthal.de,full_deny
nespresso.com,only_url
bienebank.clientis.ch,full_deny
drswiss.ch,full_deny
piper.de,only_url
mydealz.de,only_url
weltbild.de,only_url
bgv.de,full_deny
koreanre.ch,full_deny
catalinare.com,full_deny
wegatherx.com,only_url
pendlerportal.de,only_url
charta.de,full_deny
sklavenzentrale.com,full_deny
valiant.ch,full_deny
nielsen-onlinereg.com,only_url
visitorsatisfaction.com,only_url
hafnerbank.de,full_deny
spk-vorpommern.de,full_deny
xmas.lidl,only_url
survey.infocorp.co.uk,only_url
bauhaus.info,only_url
surveys.automatesurvey.com,only_url
adu.ch,only_url
spk-gifhorn-wolfsburg.de,full_deny
premiumsim.de,only_url
allgaeuer-volksbank.de,full_deny
vrmeinebank.de,full_deny
selfcare.m-budget.migros.ch,only_url
web.appinio.com,only_url
metro.de,only_url
volksbank-franken.de,full_deny
bkk-akzo.de,full_deny
appkb.ch,full_deny
maps.google.com,only_url
rewe.de,only_url
befragmich.de,only_url
transfast.com,full_deny
wize.life,only_url
datadepositbox.com,full_deny
daenischesbettenlager.de,only_url
hugendubel.de,only_url
login.aol.com,only_domain
quora.com,only_url
rb-opf-jura.de,full_deny
mosi.ch,only_url
mailjunky.de,only_domain
wwwsec.ebanking.zugerkb.ch,full_deny
adultfriendfinder.de,full_deny
bankhaus-hallbaum.de,full_deny
bkk-aesculap.de,full_deny
bucketlistly.com,only_url
elftown.com,only_url
sdw1.lightspeedgmiservices.com,only_url
gvk.equip-surveys.com,only_url
bhw.de,full_deny
zugreisen.ch,only_url
ups.surveyrouter.com,only_url
geldsparen.de,only_url
handicap-love.de,full_deny
entscheiderclub.de,only_url
imgur.com,only_url
efgbank.com,full_deny
raiffeisen.ch,full_deny
geizhals.de,only_url
tiktok.com,only_url
deref-web-02.de,only_url
holidaycheck.de,only_url
zoho.com,full_deny
umfrage.i24.cc,only_url
darag-group.com,full_deny
ks-auxilia.de,full_deny
contiki.com,only_url
badoo.com,full_deny
cooprecht.ch,full_deny
westernunion.com,full_deny
fuckbook.com,full_deny
trinkwasserladen-shop.com,only_url
sparkasse-iserlohn.de,full_deny
bankvonroll.ch,full_deny
vontobel.com,full_deny
parwise.ch,full_deny
ebanking.axionbank.ch,full_deny
stadtsparkasse-oberhausen.de,full_deny
autolina.ch,only_url
pof.de,full_deny
ksk-sigmaringen.de,full_deny
peak.ag,only_url
xmas.avm.de,only_url
visit-x.net,full_deny
o2online.de,only_url
qzone.qq.com,only_url
mail.rediff.com,only_domain
bankslm.ch,full_deny
spectrumsurveys.com,only_url
konzertliebe.ch,full_deny
provinzial.de,full_deny
bahnurlaub.de,only_url
sparkasse-dortmund.de,full_deny
transfergo.com,full_deny
ksk-anhalt-bitterfeld.de,full_deny
neelmeyer.de,full_deny
psd-westfalen-lippe.de,full_deny
advigon.com,full_deny
agroglobal.pt,full_deny
amikumu.com,only_url
quest.explorare.de,only_url
msi-aci.com,only_url
condor-versicherungen.de,full_deny
survey.medallia.com,only_url
rn.eu.qualtrics.com,only_url
firemail.de,only_domain
usertimes.limequery.com,only_url
bkk-bbraun.de,full_deny
ssl.skatbank.de,full_deny
stmartinusvvag.de,full_deny
e-carpooling.ch,only_url
volksbank-dresden-bautzen.de,full_deny
bkk-diakonie.de,full_deny
plugin.opinionsample.com,only_url
panel.marketagent.com,only_url
spectrum.cspace.com,only_url
sparkasse-herford.de,full_deny
yougov.de,only_url
syngenta.com,full_deny
babyservice.de,only_url
topten.ch,only_url
meetic-group.com,full_deny
rtl2insider.de,only_url
shoop.de,only_url
surveymonkey.com,only_url
ebanking.juliusbaer.com,full_deny
kays.ch,only_url
worldremit.com,full_deny
fahrkarten.bahn.de,only_url
ochsnersport.de,only_url
volksbank-niederrhein.de,full_deny
swiss-limo.com,only_url
ksk-heidenheim.de,full_deny
pendlerservice.de,only_url
stadtsparkasse-haltern.de,full_deny
hallesche.de,full_deny
talkonlinepanel.com,only_url
lzo.com,full_deny
sparkasse-einbeck.de,full_deny
miarroba.com,only_url
card-service.swisscard.ch,full_deny
simstore.ipsos.com,only_url
blackplanet.com,only_url
icion.decisionanalyst.com,only_url
hogashop.ch,only_url
swissfriends.ch,full_deny
hotels.com,only_url
sparkasse-offenbach.de,full_deny
controllcenter.everyone.net,only_domain
nordlb.de,full_deny
qnb.com,full_deny
academicsingles.ch,full_deny
singlesmitkind.ch,full_deny
shareyourride.net,only_url
swisslife.de,full_deny
europcar.com,only_url
mega.nz,full_deny
survey.maximiles.com,only_url
raiba-nuedlingen.de,full_deny
bank1saar.de,full_deny
volksbank-magdeburg.de,full_deny
st.irquest.com,only_url
my.hsbcprivatebank.com,full_deny
apodiscounter.de,only_url
abkbank.de,full_deny
cedc.ch,full_deny
rothschildandco.com,full_deny
uf-tgk.ch,full_deny
tool.oppobot.io,only_url
travel24.com,only_url
enterprise.com,only_url
bkk-pwc.de,full_deny
instinet.com,full_deny
interdiscount.ch,only_url
regiobank.ch,full_deny
sparkasse-neuwied.de,full_deny
computerbase.de,only_url
bkk-bba.de,full_deny
zalando.de,only_url
bonus.ch,only_url
ostfriesische-brandkasse.de,full_deny
digitcalrepublic.com,only_url
dialog-versicherung.de,full_deny
de.hotels.com,only_url
volksbank-bi-gt.de,full_deny
cyworld.com,only_url
auto.ricardo.ch,only_url
tutti.ch,only_url
ksmversicherung.ch,full_deny
selfserve.decipherinc.com,only_url
sparkasse-minden-luebbecke.de,full_deny
adlermode.com,only_url
cougars.ch,full_deny
research.solveta.com,only_url
myspace.com,only_url
auto-verkaufen-schweiz.ch,only_url
landoltetcie.ch,full_deny
simplytel.de,only_url
photos.google.com,full_deny
ceresiobank.com,full_deny
gorillasports.ch,only_url
sparkasse-altenburgerland.de,full_deny
condor.com,only_url
solidab.se,full_deny
deutschlandcard.de,only_url
checkdomain.de,only_domain
e.opinionetwork.com,only_url
bankaudipb.com,full_deny
hi5.com,only_url
vr-mfr.de,full_deny
lindt.de,only_url
klarna.com,full_deny
carguide.ch,only_url
tumblr.com,only_url
skyrock.com,only_url
munichre.com,full_deny
eurolines.de,only_url
schwaebische-bank.de,full_deny
nebu.com,only_url
flirt-projekt.com,full_deny
daimler-bkk.de,full_deny
sparkasse-heilbronn.de,full_deny
einkaufs-experten.com,only_url
care2.com,only_url
travellerspoint.com,only_url
welches-spital.ch,only_url
ads.twitter.com,only_domain
premium.cadooz.com,only_url
sportxx.ch,only_url
gonet.ch,full_deny
befilo.com,only_url
moornetworks.ch,only_url
preisvergleich.check24.de,only_url
exsilia.ch,only_url
google.com,full_allow
neckermann.de,only_url
equatex.com,full_deny
survey-uk.researchnow.com,only_url
accounts.login.idm.telekom.com,only_domain
my-volksbank.de,full_deny
ukb.ch,full_deny
aquilana.ch,full_deny
elantis.ch,only_url
nike.com,only_url
skatbank.de,full_deny
onlinebanking.nab.ch,full_deny
lustagenten.de,full_deny
meetandmatch.ch,full_deny
my.trustedshops.com,only_url
cint.insightexpressai.com,only_url
interview.gfk.com,only_url
rb-fuldaerland.de,full_deny
wealthmanagement.bnpparibas.ch,full_deny
ebay.ch,only_url
cougarlife.ch,full_deny
bitrix.de,full_deny
lifepointspanel.com,only_url
indabasync.com,only_url
ostsaechsische-sparkasse-dresden.de,full_deny
mubi.com,only_url
smartcon-survey.com,only_url
rahnbodmer.ch,full_deny
bluetomato.de,only_url
go.insites-consulting.com,only_url
kayak.de,only_url
partner.de,full_deny
sparda-m.de,full_deny
mirabaud.com,full_deny
protonmail.com,only_domain
telfie.com,only_url
dating-compas.ch,full_deny
videoload.de,only_url
opros2.survstat.ru,only_url
parisbertrand.com,full_deny
sparkasse-trier.de,full_deny
dondino.de,only_url
lidl-connect.ch,only_url
abanca.com,full_deny
sparkasse-zollernalb.de,full_deny
vb-bad-saulgau.de,full_deny
athlinks.com,only_url
kkeinsiedeln.ch,full_deny
threema.ch,only_url
eharmony.co.uk,full_deny
bankhaus-plump.de,full_deny
medienversicherung.de,full_deny
gebrauchtwagen.de,only_url
hcscommunity.com,only_url
alnatura.de,only_url
elitesingles.com,full_deny
tellco.ch,full_deny
farmy.ch,only_url
chore.com,full_deny
recording-scheduler.eye-square.com,only_url
clickworker.de,only_url
sparkasse-bayreuth.de,full_deny
frankfurter-bankgesellschaft.ch,full_deny
bdsm.com,full_deny
viarax.de,only_url
cawi.produktundmarkt.de,only_url
meetup.com,only_url
strato.de,full_deny
europcar.de,only_url
preisvergleich.de,only_url
6raum.ch,full_deny
raiba-bidingen.de,full_deny
volksbank-lindenberg.de,full_deny
datingfinder.de,full_deny
slguerbetal.ch,full_deny
eastloveswest.com,full_deny
sportscheck.com,only_url
rbk-rsa.de,full_deny
sparkasse-fulda.de,full_deny
lampe-schwartze.de,full_deny
ksk-bc.de,full_deny
spidermetrix.com,only_url
champlaininsuring.com,full_deny
netplus.ch,only_url
deutsche-familienversicherung.de,full_deny
fam.ch,full_deny
sparkasse-ac.de,full_deny
toare.co.jp,full_deny
thalia.de,only_url
surveyinterface-v2.opinionsample.com,only_url
rheinland-versicherungsgruppe.de,full_deny
api-icontrol.datadiggers-mr.com,only_url
heidelberger-volksbank.de,full_deny
union-investment.de,full_deny
sparkasse-gm.de,full_deny
mitfahr-monster.de,only_url
cloud.google.com,full_deny
iqsn.de,only_url
lvm.de,full_deny
myheritage.de,only_url
deliveroo.de,only_url
cineman.ch,only_url
dslbank.de,full_deny
krones-bkk.de,full_deny
schuhe.de,only_url
dab-bank.de,full_deny
requalification.meinungsplatz.de,only_url
sparkasse-witten.de,full_deny
bbwcupid.com,full_deny
computermobilepanelrewards.nielsen.com,only_url
ebanking.bcf.ch,full_deny
redirect.qualtrics.com,only_url
survey.us.confirmit.com,only_url
gazprombank.ch,full_deny
ziraatbank.de,full_deny
hardcastletrading.com,full_deny
critical.co.uk,only_url
londongeneralis.com,full_deny
flixbus.com,only_url
concordcapital.de,full_deny
vtx.ch,only_url
meinungsstudie.de,only_url
apple.com,only_url
css.ch,full_deny
gleichklang.ch,full_deny
notebookcheck.com,only_url
berliner-volksbank.de,full_deny
gvv-direkt.de,full_deny
bb-h.de,full_deny
research.i24.cc,only_url
apbank.ch,full_deny
sparkasse-karlsruhe.de,full_deny
sparkasse-essen.de,full_deny
volksbank-dingolfing.de,full_deny
bkkexklusiv.de,full_deny
eu2.qualtrics.com,only_url
livedrive.com,full_deny
webmail.dreamhost.com,only_domain
rbk-haag-gars.de,full_deny
d321.keyingress.de,only_url
sz.ktrmr.com,only_url
skout.com,full_deny
volksbank-neckartal.de,full_deny
stage32.com,only_url
baur.de,only_url
oakley.com,only_url
us.onesurvey.com,only_url
planetromeo.com,full_deny
gkb.ch,full_deny
de.jbl.com,only_url
holidayguru.ch,only_url
transferwise.com,full_deny
au1.qualtrics.com,only_url
branchenversicherung.ch,full_deny
www2.hm.com,only_url
sixt.com,only_url
tagged.com,only_url
easyjet.com,only_url
icisa.org,full_deny
mittelstandskreditbank.de,full_deny
Budget.de,only_url
autosupermarkt.ch,only_url
ing-diba.de,full_deny
check24.net,only_url
reichelt.de,only_url
imacbond.ch,full_deny
booking.com,only_url
sparkasse-donnersberg.de,full_deny
renre.com,full_deny
preisvergleich.ch,only_url
catchalift.com,only_url
ullapopken.de,only_url
wespa.de,full_deny
spk-aic-sob.de,full_deny
itur.ch,only_url
rega.ch,full_deny
vr-bank-sw.de,full_deny
swica.ch,full_deny
norstatpanel.com,only_url
volksbank-anroechte.de,full_deny
de.onebbw.com,full_deny
whatsapp.com,only_url
airbnb.de,only_url
canadalife.de,full_deny
comdirect.de,full_deny
conrad.ch,only_url
link.mail.toom.de,only_url
populuslive.online-host.solutions,only_url
mifaz.de,only_url
sparkasse-magdeburg.de,full_deny
mailbox.org,only_domain
fairmondo.de,only_url
autoscout24.de,only_url
survey3.greenpanthera.com,only_url
sanitas.com,full_deny
vrbank-sww.de,full_deny
invia.de,only_url
dialego.de,only_url
meineinkauf.ch,only_url
sport-thieme.ch,only_url
domcura-ag.de,full_deny
survey.nielsenwebsurveys.com,only_url
survey6s8.affinnova.com,only_url
central.de,full_deny
skmb.de,full_deny
publist.app,full_deny
hornbach.de,only_url
onderzoek.mediatest.nl,only_url
online.cawi-survey.com,only_url
maili.de,only_domain
bitrix24.com,full_deny
outfittery.ch,only_url
autob.ch,only_url
greensill-bank.com,full_deny
one.com,only_domain
bovay.ch,full_deny
tooxme.com,only_url
rvb-donauwoerth.de,full_deny
bonprix.ch,only_url
auto-outlet.de,only_url
sparkasse-osnabrueck.de,full_deny
fressnapf.de,only_url
oddo-bhf.com,full_deny
test.eyesee.be,only_url
glkv.ch,full_deny
acrevis.ch,full_deny
amp.ipsosinteractive.com,only_url
mymarktforschung.de,only_url
happn.com,full_deny
lbbw.de,full_deny
net-research.com,only_url
efs-survey.com,only_url
snapfish.de,only_url
esurance.ch,full_deny
pkw.de,only_url
mysugardaddy.eu,full_deny
rischkataxi.ch,only_url
shopping.google.com,only_url
sparkasse-landsberg.de,full_deny
corporate.europ-assistance.com,full_deny
ernstings-family.de,only_url
cafemom.com,only_url
dm.de,only_url
raumobil.de,only_url
mobility.ch,only_url
qfimr.com,only_url
volksbank-erft.de,full_deny
sparkasse-blomberg.de,full_deny
nab.ch,full_deny
alligator.focusvision.com,only_url
vb-niers.de,full_deny
sls-direkt.de,full_deny
pensionskasse-rundfunk.de,full_deny
dropbox.com,full_deny
skopos1.de,only_url
feeld.co,full_deny
mingle.respondi.com,only_url
lv1871.de,full_deny
bkk-da.de,full_deny
adeccogroup.com,full_deny
funcommunity.com,full_deny
bellevue.ch,full_deny
soka-bau.de,full_deny
appvers.ch,full_deny
atheneum.ai,only_url
authentification.ganassurances.fr,full_deny
parship.ch,full_deny
secure.accor.com,only_url
pt.surveysavvy.com,only_url
euronics.de,only_url
bkk-mobile-oil.de,full_deny
singlemitkind.ch,full_deny
hyposwiss.ch,full_deny
weinvorteil.de,only_url
research.ruigroknetpanel.nl,only_url
bkk-scheufelen.de,full_deny
transpool.org,only_url
marti.ch,only_url
mcsim.de,only_url
juliusbaer.com,full_deny
caringbridge.org,only_url
hostingemail.digitalspace.net,only_domain
gratis-autoinserate.ch,only_url
surveys.ipsosinteractive.com,only_url
de.trustpilot.com,only_url
surveyw.orcinternational.com,only_url
it2020wdh.eu.qualtrics.com,only_url
mynewspanel.de,only_url
grind.com,full_deny
pkb.ch,full_deny
hannover-rueck.de,full_deny
btcloud.bt.com,full_deny
cargarantie.com,full_deny
fairbuch.de,only_url
ksk-gp.de,full_deny
signal.org,only_url
survey.savanta.com,only_url
hubic.com,full_deny
spc.clientis.ch,full_deny
medpex.de,only_url
be2.ch,full_deny
carforyou.ch,only_url
surveys.cixos2.com,only_url
testberichte.limequery.com,only_url
freenet.ch,only_domain
utmostinternational.com,full_deny
ryanair.com,only_url
accor.com,only_url
mangooutlet.com,only_url
lycos.de,only_domain
mymfb.com,only_url
brave.com,only_url
spk-schaumburg.de,full_deny
rb-holzkirchen-otterfing.de,full_deny
valmano.de,only_url
weltsparen.de,full_deny
blkb.ch,full_deny
ecpo.gfk.de,only_url
vvd.de,full_deny
mail.riseup.net,only_domain
pax.ch,full_deny
conrad.de,only_url
neuwagen24.de,only_url
oneway.com,only_url
volksbank-straubing.de,full_deny
deviantart.com,only_url
secure.2chechout.com,full_deny
marketplace.clickworker.com,only_url
hoernerbank.de,full_deny
coface.com,full_deny
lffinance.com,full_deny
mixi.jp,only_url
software-shop.com.de,only_url
generali.ch,full_deny
fv.de,full_deny
rb-hfw.de,full_deny
ibertymutual.com,full_deny
mymat.de,only_url
hospitalityclub.org,only_url
bankeki.ch,full_deny
swissquote.com,full_deny
talktalk.co.uk,only_url
vbu-volksbank.de,full_deny
affaire.com,full_deny
vb-rb.de,full_deny
online.profacts-research.com,only_url
hdi.global,full_deny
vipvoice.com,only_url
holidaycheck.ch,only_url
messenger.com,only_url
brack.ch,only_url
lufthansa.com,only_url
anpa.de,only_domain
kaisertanne.de,only_url
mylife.de,only_url
heritage.ch,full_deny
volksbank-berg.de,full_deny
aslife.com,full_deny
berlinshuttle.de,only_url
die-vrbank.de,full_deny
bkk-verbundplus.de,full_deny
viagogo.com,only_url
norstatsurveys.com,only_url
accounts.lidl.com,only_url
cross.com,only_url
bkkdb.de,full_deny
mamba.ru,full_deny
mobiliar.ch,full_deny
neueleben.de,full_deny
kroogi.com,only_url
coface.de,full_deny
freizeit.ch,only_url
link.surveypronto.com,only_url
deinbus.de,only_url
bkk-mahle.de,full_deny
allsecur.de,full_deny
aerzteversicherung.de,full_deny
meinauto.de,only_url
telepizza.de,only_url
koenig-bauer-bkk.de,full_deny
eufory.de,only_url
sparkasse-oberpfalz-nord.de,full_deny
buchsuch.ch,only_url
storageguardian.com,full_deny
aekbank.ch,full_deny
acronis.com,full_deny
ergoquest4.com,only_url
bkk-achenbach.de,full_deny
glocals.com,only_url
vr-bank-nuernberg.de,full_deny
deutsche-bank.de,full_deny
mail.ionos.com,only_domain
q4011209.de,only_url
spacesworks.com,only_url
bernerlandbank.ch,full_deny
banquecramer.ch,full_deny
quelle.de,only_url
concordia.de,full_deny
kinder.com,only_url
raiffeisenbank-bs.de,full_deny
dresdner-bank.de,full_deny
pof.com,full_deny
msi.co1.qualtrics.com,only_url
creditlife.net,full_deny
intersport.ch,only_url
mecklenburgische.de,full_deny
mail.protonmail.com,only_domain
wer-kennt-wen.de,only_url
societegenerale.ch,full_deny
Partyflock.nl,only_url
bkk-technoform.de,full_deny
bitbucket.org,only_url
klarseifen.de,only_url
cosmosdirekt.de,full_deny
busuu.com,only_url
zoimas.com,only_url
praxistipps.chip.de,only_url
idealo.de,only_url
letterboxd.com,only_url
api.researchnow.com,only_url
cronbank.de,full_deny
brands4friends.de,only_url
opinionetwork.com,only_url
dialog-leben.de,full_deny
pendolaris.de,only_url
carmato.de,only_url
graffenried-bank.ch,full_deny
ml.com,full_deny
aldi-suisse.ch,only_url
fernbusse.de,only_url
globotrain.ch,only_url
spk-dlg-noe.de,full_deny
kskmayen.de,full_deny
mindvotes.com,only_url
jpmorgan.com,full_deny
salzlandsparkasse.de,full_deny
bonprix.de,only_url
realeyz.de,only_url
sparkasse-dielsdorf.ch,full_deny
hempamed.de,only_url
blendr.com,full_deny
tooltalkcommunity.com,only_url
walserprivatbank.com,full_deny
karstadtsports.de,only_url
eu.qualtrics.com,only_url
keyvent.com,only_url
spk-luebeck.de,full_deny
deindeal.ch,only_url
winsim.de,only_url
kkstoffel.ch,full_deny
sparkasse-bielefeld.de,full_deny
odlo.de,only_url
aig.ch,full_deny
picclick.de,only_url
bordier.com,full_deny
prontomail.com,only_domain
tkb.ch,full_deny
r.mintvine.com,only_url
pkhoechst.de,full_deny
bergos-berenberg.ch,full_deny
blauw-survey.com,only_url
easybell.de,only_url
venmo.com,full_deny
axa.ch,full_deny
tui.ch,only_url
accounts.google.com,only_domain
stadtsparkasse-remscheid.de,full_deny
emp.de,only_url
volksbank-lingen.de,full_deny
nicequest.com,only_url
mytime.de,only_url
europa-re.com,full_deny
sp1.arksurvey.uk,only_url
lycamobile.de,only_url
flugladen.de,only_url
bkk-grillo.de,full_deny
sparkasse-dillenburg.de,full_deny
nuechtern-mafo.de,only_url
ch.oui.sncf,only_url
wartburg-sparkasse.de,full_deny
webmobil.de,only_url
intersport.de,only_url
ig.com,full_deny
survey-au.dynata.com,only_url
fidor.de,full_deny
glarner-regionalbank.ch,full_deny
csurvey.securestudies.com,only_url
web70.gfk.com,only_url
nomadesk.com,full_deny
autoteile-preiswert.de,only_url
weber.com,only_url
vobaeg.de,full_deny
hek.de,full_deny
degussa-bank.de,full_deny
ritzenhoff.de,only_url
sparkasse-darmstadt.de,full_deny
easycredit.de,full_deny
malerkasse.de,full_deny
teltarif.de,only_url
spked.de,full_deny
sportscheck.de,only_url
cawi.epanel.pl,only_url
adventskalender.specials-bahn.de,only_url
surveys.mymarktforschung.de,only_url
everyone.net,only_domain
ae.decipherinc.com,only_url
sparkasse-worms-alzey-ried.de,full_deny
bluewin.ch,only_url
panasonic-adventskalender.app-specials.com,only_url
mitfahrgelegenheit.de,only_url
mitfahren.de,only_url
alltours.de,only_url
berkshirehathaway.com,full_deny
reiftrifftjung.ch,full_deny
kickstarter.com,only_url
marketagent.com,only_url
abb.ch,full_deny
auto-schiess.ch,only_url
social.i-say.com,only_url
europe-carpooling.de,only_url
vbpf.de,full_deny
swissre.com,full_deny
ipsos-meb.de,only_url
primark.com,only_url
axionbank.ch,full_deny
caceis.com,full_deny
easy-reisen.ch,only_url
telepizza.ch,only_url
rbsuro.de,full_deny
gan.fr,full_deny
postauto.ch,only_url
daniweb.com,only_url
gowebsurveys.com,only_url
swagbucks.com,only_url
feedmap.com,only_url
gaynet.ch,full_deny
tmhcc.com,full_deny
wwwsec.shkb.ch,full_deny
questions.directresearch.nl,only_url
teufel.de,only_url
netzkino.de,only_url
bsq-bausparkasse.de,full_deny
volksbanking.de,full_deny
survey.hi-epanel.com,only_url
studies.bms-net.de,only_url
memopal.com,full_deny
cyon.ch,only_domain
samplicio.us,only_url
wegroup.ch,full_deny
taxiscout.ch,only_url
robinbook.ch,only_url
dasweltauto.ch,only_url
biocbd.de,only_url
ch.bil.com,full_deny
sparkasse-leerwittmund.de,full_deny
bestcheck.de,only_url
schroders.com,full_deny
houseparty.com,only_url
wwwsec.szkb.ch,full_deny
aliva.de,only_url
lisa18.eu,full_deny
raiba-floss.de,full_deny
kkbirchmeier.ch,full_deny
maerkische-bank.de,full_deny
odlo.com,only_url
rb-idt.de,full_deny
amazon.com,only_url
globalance-bank.com,full_deny
hiscox.de,full_deny
payback-panel.de,only_url
partners.payoneer.com,full_deny
inba.nkb.ch,full_deny
group.pictet,full_deny
vr-bank-ehh.de,full_deny
rbsbw.de,full_deny
amorana.ch,only_url
roosterteeth.com,only_url
novitas-bkk.de,full_deny
decathlon.ch,only_url
fahrlehrerversicherung.de,full_deny
sparkasse-uelzen-luechow-dannenberg.de,full_deny
sberbank.ch,full_deny
politikumfrage.herokuapp.com,only_url
exchangemarket.ch,full_deny
mysugardaddy.ch,full_deny
bkm.de,full_deny
heine.ch,only_url
hotelspecials.de,only_url
meinungsplatz.de,only_url
home24.de,only_url
statestreet.com,full_deny
hyporealestate.com,full_deny
cashlife.de,full_deny
ip-assistance.be,full_deny
bankhaus-rsa.de,full_deny
bosch-bkk.de,full_deny
sparkasse-engo.de,full_deny
ubp.com,full_deny
maklervergleich24.ch,only_url
droppy.ch,full_deny
tipprechtsschutz.ch,full_deny
deliveryhero.com,only_url
survey.qualtrics.com,only_url
mobile.de,only_url
trendscan.de,only_url
netigate.se,only_url
sparkasse-paderborn-detmold.de,full_deny
wattpad.com,only_url
ravensburger.de,only_url
dating-vergleich.ch,full_deny
exane.com,full_deny
genobank.de,full_deny
blue-tomato.com,only_url
volksbank-kurpfalz.de,full_deny
dschungelkompass.ch,only_url
spoofmail.de,only_domain
eyeem.com,only_url
dreyfusbank.ch,full_deny
ispgroup.ch,full_deny
mediamarkt.de,only_url
vb-piel.de,full_deny
doximity.com,only_url
fmglobal.com,full_deny
portal.groupcaliber.com,only_url
trenitalia.com,only_url
kklh.ch,full_deny
speicherbox.ch,full_deny
marcard.de,full_deny
jasmin69.com,full_deny
netflix.de,only_url
puzzle-online.de,only_url
olb.de,full_deny
aboutyou.de,only_url
d473.keyingress.de,only_url
sparkasse-neu-ulm-illertissen.de,full_deny
poppen.ch,full_deny
espaceclient.ganassurances.fr,full_deny
reichmuthco.ch,full_deny
okb.ch,full_deny
iptiq.com,full_deny
bahn.de,only_url
s-jena.de,full_deny
sparkasse-opr.de,full_deny
munichre.de,full_deny
coface.ch,full_deny
afbshop.de,only_url
vvr-bank.de,full_deny
ownlcloud.com,full_deny
kontiki.ch,only_url
sparkasse-meissen.de,full_deny
expedia.de,only_url
maerki-baumann.ch,full_deny
esprit.de,only_url
auto.de,only_url
b2beresearch.com,only_url
entris-banking.ch,full_deny
na-kd.com,only_url
splitwise.com,full_deny
effektenbank.de,full_deny
sparkasse-lueneburg.de,full_deny
spk-uckermark.de,full_deny
hkk.de,full_deny
parentsolo.ch,full_deny
svlfg.de,full_deny
orion.ch,full_deny
m.coface.com,full_deny
mixcloud.com,only_url
bkk-public.de,full_deny
roirocket.decipherinc.com,only_url
mail.ch,only_domain
veganesingles.de,full_deny
ca-indosuez.com,full_deny
mercantilsuiza.com,full_deny
iodc.nl,only_url
ostangler.de,full_deny
skb-hammah.de,full_deny
cna.com,full_deny
sasktel.net,only_domain
koofr.eu,full_deny
ch.linkedin.com,only_url
koreanre.co.kr,full_deny
purplemoon.ch,full_deny
sparkasse-offenburg.de,full_deny
mop.equip-surveys.com,only_url
interviewingap-l1.nfieldmr.com,only_url
beautyjunkies.de,only_url
jelmoli-shop.ch,only_url
samplicity.wisesample.com,only_url
23andme.com,only_url
rbkk.de,full_deny
vk.com,only_url
burgerkingdelivery.ch,only_url
flirt-online.ch,full_deny
deep.ch,only_domain
surveys.befragmich.de,only_url
sofort.com,full_deny
pbeakk.de,full_deny
houzz.de,only_url
chip.de,only_url
albatros.de,full_deny
banklenz.de,full_deny
calida.com,only_url
auto-show.ch,only_url
invite.mindsharesurveys.com,only_url
bkk-mtu.de,full_deny
gutcheck.decipherinc.com,only_url
xxxlutz.de,only_url
consorsbank.de,full_deny
bcvs.ch,full_deny
vb-oberberg.de,full_deny
surveys.madeinsurveys.com,only_url
aboutme.com,only_url
vr-neuburg-rain.de,full_deny
haftpflichtkasse.de,full_deny
bankhaus-loebbecke.de,full_deny
spk-hef.de,full_deny
bps-suisse.ch,full_deny
surveys.synoint.com,only_url
paypal.de,full_deny
privatbank.de,full_deny
vrbank-bayreuth-hof.de,full_deny
carbonite.com,full_deny
sparkasse-mol.de,full_deny
galenos.ch,full_deny
the-dots.com,only_url
sparkassemerzig-wadern.de,full_deny
paysafecard.com,full_deny
spkam.de,full_deny
uelzner.de,full_deny
gemeinsamreisen.ch,full_deny
surveys3.myiyo.com,only_url
lablue.de,full_deny
backblaze.com,full_deny
russiancupid.com,full_deny
eurowings.com,only_url
vr-nordoberpfalz.de,full_deny
blablacar.co.uk,only_url
amateurcommunity.com,full_deny
psd-braunschweig.de,full_deny
piguetgalland.ch,full_deny
siemagbkk.de,full_deny
mvb.de,full_deny
cecil.ch,only_url
interviewing-l2.nfieldmr.com,only_url
qanda-opinions.de,only_url
transferwise.ch,full_deny
gssi2.surveyhub.co,only_url
kasseler-sparkasse.de,full_deny
megabackup.com,full_deny
patientslikeme.com,only_url
raiba-bw.de,full_deny
volksbank-karlsruhe.de,full_deny
wmf-bkk.de,full_deny
lgt.ch,full_deny
amazon.de,only_url
qps.cint.com,only_url
rakuten-r.post-survey.com,only_url
hdi-speciality.com,full_deny
rb-hk.de,full_deny
sparkasse-passau.de,full_deny
geruchskontrolle.de,only_url
navigator.web.de,only_domain
tbk-gesundheit.de,full_deny
metroboutique.ch,only_url
vrbank-bamberg.de,full_deny
angel.co,only_url
aktionen.steigenberger.com,only_url
congstar.de,only_url
rb-frechen-huerth.de,full_deny
volksbank-mittleres-erzgebirge.de,full_deny
coopmobile.ch,only_url
europ-assistance.ch,full_deny
zuercherlandbank.ch,full_deny
msisurvey.com,only_url
vbvorpommern.de,full_deny
berliner-sparkasse.de,full_deny
excite.com,only_domain
cite-gestion.com,full_deny
zara.com,only_url
kernwert.com,only_url
ab-in-den-urlaub.de,only_url
beldona.com,only_url
vitasurselva.ch,full_deny
hindujabank.com,full_deny
verivox.de,only_url
sdk.de,full_deny
abs.ch,full_deny
direkte-leben.de,full_deny
rb-augsburgerland.de,full_deny
riseup.net,only_domain
pixum.de,only_url
linkedin.com,only_url
nbank.de,full_deny
vrbank-hg.de,full_deny
vanlanschot.ch,full_deny
univoxcommunity.com,only_url
crownglobalinsurance.com,full_deny
kkh.de,full_deny
airfrance.com,only_url
spk-row-ohz.de,full_deny
distrelec.de,only_url
ebanking.cler.ch,full_deny
sparkasse-ennepetal.de,full_deny
cardif.ch,full_deny
diebaustelle.insitessquare.com,only_url
die-ik.de,full_deny
uniqagroup.com,full_deny
twint.ch,full_deny
combinedinsurance.de,full_deny
survey1s3.affinnova.com,only_url
airfrance.de,only_url
jpberlin.de,only_domain
sparkasse-giessen.de,full_deny
bnpparibas.ch,full_deny
dcbank.ch,full_deny
selvi.ch,full_deny
sparkasse.ch,full_deny
veromoda.com,only_url
track.media-412.com,only_url
deka.de,full_deny
hellolingo.com,only_url
chringles.ch,full_deny
kayak.com,only_url
xpressmoneyonline.com,full_deny
dst.az1.qualtrics.com,only_url
mbaerbank.com,full_deny
nestle-marktplatz.de,only_url
atlasbkkahlmann.de,full_deny
bayer-pensionskasse.de,full_deny
vgh.de,full_deny
blauer-engel.de,only_url
auto-online.ch,only_url
fliegende-pillen.de,only_url
shareling.com,only_url
rb-alw.de,full_deny
heckticket.de,only_url
websurvey2.opinionbar.com,only_url
aikq.de,only_domain
gaiaonline.com,only_url
bkk-bpw.de,full_deny
ebanking-ch.ubs.com,full_deny
ergoquest6.com,only_url
pinterest.com,only_url
oeffentlicheoldenburg.de,full_deny
kskmse.de,full_deny
bkk-melitta.de,full_deny
innofact1.com,only_url
quelle.ch,only_url
survey15s5.affinnova.com,only_url
limango.de,only_url
raiba-bobingen.de,full_deny
flgruppe.de,full_deny
polishharmony.de,full_deny
jdate.com,full_deny
markelinternational.com,full_deny
reddit.com,full_allow
s.userzoom.com,only_url
voyages-sncf.com,only_url
secret.de,full_deny
survey-z.com,only_url
warpsurveys.com,only_url
bcge.ch,full_deny
untappd.com,only_url
hitchhike.ch,only_url
opendrive.com,full_deny
ww3.efs-survey.com,only_url
banklinth.ch,full_deny
questler.de,only_url
deniminsiders.insitessquare.com,only_url
provinzial-konzern.de,full_deny
airbnb.ch,only_url
custlab.com,only_url
ksk-fds.de,full_deny
volksbank-kirchheim-nuertingen.de,full_deny
baaderbank.de,full_deny
swissgaranta.ch,full_deny
wwwsec.abs.ch,full_deny
billigbuch.ch,only_url
webmail.au.syrahost.com,only_domain
lidl-reisen.ch,only_url
directbox.de,only_domain
alte-leipziger.de,full_deny
sphinduja.com,full_deny
zooplus.de,only_url
kauftipp.ch,only_url
ello.co,only_url
nickey-mailer.de,only_domain
steemit.com,only_url
volksbank-pirna.de,full_deny
carpoolworld.com,only_url
xe.com,full_deny
bellerivebanking.ch,full_deny
rewards.gfk.com,only_url
debeka.de,full_deny
rb-ags.de,full_deny
aida.de,only_url
sparkasse-duisburg.de,full_deny
ukv.de,full_deny
syzgroup.com,full_deny
opensurvey.com,only_url
sixt.de,only_url
facit-digital.3uu.de,only_url
aldi-sued.de,only_url
bilendi.decipherinc.com,only_url
kundenkonto-lidl-connect.de,only_url
mobrog.com,only_url
survey.mindtake.com,only_url
prospekt.saturn.de,only_url
hanseaticbank.de,full_deny
yves-rocher.de,only_url
imperio.ch,full_deny
s2.ifoponline.com,only_url
datingcafe.de,full_deny
survey.researchresults.com,only_url
ficwad.com,only_url
icony.ch,full_deny
muensterdorfer.de,full_deny
xs.motivaction.nl,only_url